UBIGEO;DEPARTAMENTO;PROVINCIA;DISTRITO;TIPO
010101;AMAZONAS;CHACHAPOYAS;CHACHAPOYAS;A
010102;AMAZONAS;CHACHAPOYAS;ASUNCION;F
010103;AMAZONAS;CHACHAPOYAS;BALSAS;G
010104;AMAZONAS;CHACHAPOYAS;CHETO;F
010105;AMAZONAS;CHACHAPOYAS;CHILIQUIN;G
010106;AMAZONAS;CHACHAPOYAS;CHUQUIBAMBA;G
010107;AMAZONAS;CHACHAPOYAS;GRANADA;F
010108;AMAZONAS;CHACHAPOYAS;HUANCAS;E
010109;AMAZONAS;CHACHAPOYAS;LA_JALCA;F
010110;AMAZONAS;CHACHAPOYAS;LEIMEBAMBA;E
010111;AMAZONAS;CHACHAPOYAS;LEVANTO;F
010112;AMAZONAS;CHACHAPOYAS;MAGDALENA;E
010113;AMAZONAS;CHACHAPOYAS;MARISCAL_CASTILLA;E
010114;AMAZONAS;CHACHAPOYAS;MOLINOPAMPA;G
010115;AMAZONAS;CHACHAPOYAS;MONTEVIDEO;E
010116;AMAZONAS;CHACHAPOYAS;OLLEROS;F
010117;AMAZONAS;CHACHAPOYAS;QUINJALCA;G
010118;AMAZONAS;CHACHAPOYAS;SAN_FRANCISCO_DE_DAGUAS;E
010119;AMAZONAS;CHACHAPOYAS;SAN_ISIDRO_DE_MAINO;E
010120;AMAZONAS;CHACHAPOYAS;SOLOCO;G
010121;AMAZONAS;CHACHAPOYAS;SONCHE;F
010201;AMAZONAS;BAGUA;BAGUA;A
010202;AMAZONAS;BAGUA;ARAMANGO;G
010203;AMAZONAS;BAGUA;COPALLIN;F
010204;AMAZONAS;BAGUA;EL_PARCO;F
010205;AMAZONAS;BAGUA;IMAZA;G
010206;AMAZONAS;BAGUA;LA_PECA;F
010301;AMAZONAS;BONGARA;JUMBILLA;B
010302;AMAZONAS;BONGARA;CHISQUILLA;F
010303;AMAZONAS;BONGARA;CHURUJA;E
010304;AMAZONAS;BONGARA;COROSHA;G
010305;AMAZONAS;BONGARA;CUISPES;F
010306;AMAZONAS;BONGARA;FLORIDA;F
010307;AMAZONAS;BONGARA;JAZAN;E
010308;AMAZONAS;BONGARA;RECTA;G
010309;AMAZONAS;BONGARA;SAN_CARLOS;E
010310;AMAZONAS;BONGARA;SHIPASBAMBA;F
010311;AMAZONAS;BONGARA;VALERA;G
010312;AMAZONAS;BONGARA;YAMBRASBAMBA;F
010401;AMAZONAS;CONDORCANQUI;NIEVA;B
010402;AMAZONAS;CONDORCANQUI;EL_CENEPA;G
010403;AMAZONAS;CONDORCANQUI;RIO_SANTIAGO;G
010501;AMAZONAS;LUYA;LAMUD;B
010502;AMAZONAS;LUYA;CAMPORREDONDO;F
010503;AMAZONAS;LUYA;COCABAMBA;G
010504;AMAZONAS;LUYA;COLCAMAR;F
010505;AMAZONAS;LUYA;CONILA;F
010506;AMAZONAS;LUYA;INGUILPATA;F
010507;AMAZONAS;LUYA;LONGUITA;G
010508;AMAZONAS;LUYA;LONYA_CHICO;F
010509;AMAZONAS;LUYA;LUYA;F
010510;AMAZONAS;LUYA;LUYA_VIEJO;E
010511;AMAZONAS;LUYA;MARIA;F
010512;AMAZONAS;LUYA;OCALLI;F
010513;AMAZONAS;LUYA;OCUMAL;G
010514;AMAZONAS;LUYA;PISUQUIA;G
010515;AMAZONAS;LUYA;PROVIDENCIA;G
010516;AMAZONAS;LUYA;SAN_CRISTOBAL;E
010517;AMAZONAS;LUYA;SAN_FRANCISCO_DEL_YESO;F
010518;AMAZONAS;LUYA;SAN_JERONIMO;G
010519;AMAZONAS;LUYA;SAN_JUAN_DE_LOPECANCHA;G
010520;AMAZONAS;LUYA;SANTA_CATALINA;G
010521;AMAZONAS;LUYA;SANTO_TOMAS;G
010522;AMAZONAS;LUYA;TINGO;F
010523;AMAZONAS;LUYA;TRITA;F
010601;AMAZONAS;RODRIGUEZ_DE_MENDOZA;SAN_NICOLAS;B
010602;AMAZONAS;RODRIGUEZ_DE_MENDOZA;CHIRIMOTO;G
010603;AMAZONAS;RODRIGUEZ_DE_MENDOZA;COCHAMAL;E
010604;AMAZONAS;RODRIGUEZ_DE_MENDOZA;HUAMBO;G
010605;AMAZONAS;RODRIGUEZ_DE_MENDOZA;LIMABAMBA;G
010606;AMAZONAS;RODRIGUEZ_DE_MENDOZA;LONGAR;F
010607;AMAZONAS;RODRIGUEZ_DE_MENDOZA;MARISCAL_BENAVIDES;F
010608;AMAZONAS;RODRIGUEZ_DE_MENDOZA;MILPUC;F
010609;AMAZONAS;RODRIGUEZ_DE_MENDOZA;OMIA;G
010610;AMAZONAS;RODRIGUEZ_DE_MENDOZA;SANTA_ROSA;G
010611;AMAZONAS;RODRIGUEZ_DE_MENDOZA;TOTORA;G
010612;AMAZONAS;RODRIGUEZ_DE_MENDOZA;VISTA_ALEGRE;G
010701;AMAZONAS;UTCUBAMBA;BAGUA_GRANDE;A
010702;AMAZONAS;UTCUBAMBA;CAJARURO;G
010703;AMAZONAS;UTCUBAMBA;CUMBA;F
010704;AMAZONAS;UTCUBAMBA;EL_MILAGRO;F
010705;AMAZONAS;UTCUBAMBA;JAMALCA;G
010706;AMAZONAS;UTCUBAMBA;LONYA_GRANDE;F
010707;AMAZONAS;UTCUBAMBA;YAMON;G
020101;ANCASH;HUARAZ;HUARAZ;A
020102;ANCASH;HUARAZ;COCHABAMBA;G
020103;ANCASH;HUARAZ;COLCABAMBA;F
020104;ANCASH;HUARAZ;HUANCHAY;G
020105;ANCASH;HUARAZ;INDEPENDENCIA;D
020106;ANCASH;HUARAZ;JANGAS;F
020107;ANCASH;HUARAZ;LA_LIBERTAD;G
020108;ANCASH;HUARAZ;OLLEROS;F
020109;ANCASH;HUARAZ;PAMPAS_GRANDE;G
020110;ANCASH;HUARAZ;PARIACOTO;G
020111;ANCASH;HUARAZ;PIRA;G
020112;ANCASH;HUARAZ;TARICA;G
020201;ANCASH;AIJA;AIJA;B
020202;ANCASH;AIJA;CORIS;G
020203;ANCASH;AIJA;HUACLLAN;F
020204;ANCASH;AIJA;LA_MERCED;G
020205;ANCASH;AIJA;SUCCHA;F
020301;ANCASH;ANTONIO_RAYMONDI;LLAMELLIN;B
020302;ANCASH;ANTONIO_RAYMONDI;ACZO;F
020303;ANCASH;ANTONIO_RAYMONDI;CHACCHO;G
020304;ANCASH;ANTONIO_RAYMONDI;CHINGAS;F
020305;ANCASH;ANTONIO_RAYMONDI;MIRGAS;G
020306;ANCASH;ANTONIO_RAYMONDI;SAN_JUAN_DE_RONTOY;G
020401;ANCASH;ASUNCION;CHACAS;B
020402;ANCASH;ASUNCION;ACOCHACA;G
020501;ANCASH;BOLOGNESI;CHIQUIAN;B
020502;ANCASH;BOLOGNESI;ABELARDO_PARDO_LEZAMETA;E
020503;ANCASH;BOLOGNESI;ANTONIO_RAYMONDI;G
020504;ANCASH;BOLOGNESI;AQUIA;F
020505;ANCASH;BOLOGNESI;CAJACAY;F
020506;ANCASH;BOLOGNESI;CANIS;E
020507;ANCASH;BOLOGNESI;COLQUIOC;E
020508;ANCASH;BOLOGNESI;HUALLANCA;E
020509;ANCASH;BOLOGNESI;HUASTA;E
020510;ANCASH;BOLOGNESI;HUAYLLACAYAN;G
020511;ANCASH;BOLOGNESI;LA_PRIMAVERA;E
020512;ANCASH;BOLOGNESI;MANGAS;E
020513;ANCASH;BOLOGNESI;PACLLON;E
020514;ANCASH;BOLOGNESI;SAN_MIGUEL_DE_CORPANQUI;E
020515;ANCASH;BOLOGNESI;TICLLOS;E
020601;ANCASH;CARHUAZ;CARHUAZ;B
020602;ANCASH;CARHUAZ;ACOPAMPA;F
020603;ANCASH;CARHUAZ;AMASHCA;F
020604;ANCASH;CARHUAZ;ANTA;G
020605;ANCASH;CARHUAZ;ATAQUERO;G
020606;ANCASH;CARHUAZ;MARCARA;F
020607;ANCASH;CARHUAZ;PARIAHUANCA;F
020608;ANCASH;CARHUAZ;SAN_MIGUEL_DE_ACO;G
020609;ANCASH;CARHUAZ;SHILLA;G
020610;ANCASH;CARHUAZ;TINCO;F
020611;ANCASH;CARHUAZ;YUNGAR;G
020701;ANCASH;CARLOS_FERMIN_FITZCARRALD;SAN_LUIS;B
020702;ANCASH;CARLOS_FERMIN_FITZCARRALD;SAN_NICOLAS;G
020703;ANCASH;CARLOS_FERMIN_FITZCARRALD;YAUYA;G
020801;ANCASH;CASMA;CASMA;A
020802;ANCASH;CASMA;BUENA_VISTA_ALTA;F
020803;ANCASH;CASMA;COMANDANTE_NOEL;E
020804;ANCASH;CASMA;YAUTAN;F
020901;ANCASH;CORONGO;CORONGO;B
020902;ANCASH;CORONGO;ACO;F
020903;ANCASH;CORONGO;BAMBAS;E
020904;ANCASH;CORONGO;CUSCA;F
020905;ANCASH;CORONGO;LA_PAMPA;E
020906;ANCASH;CORONGO;YANAC;F
020907;ANCASH;CORONGO;YUPAN;E
021001;ANCASH;HUARI;HUARI;B
021002;ANCASH;HUARI;ANRA;G
021003;ANCASH;HUARI;CAJAY;G
021004;ANCASH;HUARI;CHAVIN_DE_HUANTAR;G
021005;ANCASH;HUARI;HUACACHI;F
021006;ANCASH;HUARI;HUACCHIS;F
021007;ANCASH;HUARI;HUACHIS;F
021008;ANCASH;HUARI;HUANTAR;F
021009;ANCASH;HUARI;MASIN;F
021010;ANCASH;HUARI;PAUCAS;E
021011;ANCASH;HUARI;PONTO;G
021012;ANCASH;HUARI;RAHUAPAMPA;E
021013;ANCASH;HUARI;RAPAYAN;F
021014;ANCASH;HUARI;SAN_MARCOS;G
021015;ANCASH;HUARI;SAN_PEDRO_DE_CHANA;F
021016;ANCASH;HUARI;UCO;F
021101;ANCASH;HUARMEY;HUARMEY;A
021102;ANCASH;HUARMEY;COCHAPETI;G
021103;ANCASH;HUARMEY;CULEBRAS;F
021104;ANCASH;HUARMEY;HUAYAN;F
021105;ANCASH;HUARMEY;MALVAS;F
021201;ANCASH;HUAYLAS;CARAZ;B
021202;ANCASH;HUAYLAS;HUALLANCA;F
021203;ANCASH;HUAYLAS;HUATA;G
021204;ANCASH;HUAYLAS;HUAYLAS;G
021205;ANCASH;HUAYLAS;MATO;F
021206;ANCASH;HUAYLAS;PAMPAROMAS;G
021207;ANCASH;HUAYLAS;PUEBLO_LIBRE;G
021208;ANCASH;HUAYLAS;SANTA_CRUZ;G
021209;ANCASH;HUAYLAS;SANTO_TORIBIO;G
021210;ANCASH;HUAYLAS;YURACMARCA;G
021301;ANCASH;MARISCAL_LUZURIAGA;PISCOBAMBA;B
021302;ANCASH;MARISCAL_LUZURIAGA;CASCA;G
021303;ANCASH;MARISCAL_LUZURIAGA;ELEAZAR_GUZMAN_BARRON;G
021304;ANCASH;MARISCAL_LUZURIAGA;FIDEL_OLIVAS_ESCUDERO;G
021305;ANCASH;MARISCAL_LUZURIAGA;LLAMA;G
021306;ANCASH;MARISCAL_LUZURIAGA;LLUMPA;G
021307;ANCASH;MARISCAL_LUZURIAGA;LUCMA;G
021308;ANCASH;MARISCAL_LUZURIAGA;MUSGA;G
021401;ANCASH;OCROS;OCROS;B
021402;ANCASH;OCROS;ACAS;F
021403;ANCASH;OCROS;CAJAMARQUILLA;E
021404;ANCASH;OCROS;CARHUAPAMPA;E
021405;ANCASH;OCROS;COCHAS;G
021406;ANCASH;OCROS;CONGAS;E
021407;ANCASH;OCROS;LLIPA;E
021408;ANCASH;OCROS;SAN_CRISTOBAL_DE_RAJAN;E
021409;ANCASH;OCROS;SAN_PEDRO;F
021410;ANCASH;OCROS;SANTIAGO_DE_CHILCAS;E
021501;ANCASH;PALLASCA;CABANA;B
021502;ANCASH;PALLASCA;BOLOGNESI;G
021503;ANCASH;PALLASCA;CONCHUCOS;F
021504;ANCASH;PALLASCA;HUACASCHUQUE;F
021505;ANCASH;PALLASCA;HUANDOVAL;F
021506;ANCASH;PALLASCA;LACABAMBA;F
021507;ANCASH;PALLASCA;LLAPO;E
021508;ANCASH;PALLASCA;PALLASCA;F
021509;ANCASH;PALLASCA;PAMPAS;F
021510;ANCASH;PALLASCA;SANTA_ROSA;G
021511;ANCASH;PALLASCA;TAUCA;F
021601;ANCASH;POMABAMBA;POMABAMBA;B
021602;ANCASH;POMABAMBA;HUAYLLAN;G
021603;ANCASH;POMABAMBA;PAROBAMBA;G
021604;ANCASH;POMABAMBA;QUINUABAMBA;G
021701;ANCASH;RECUAY;RECUAY;B
021702;ANCASH;RECUAY;CATAC;F
021703;ANCASH;RECUAY;COTAPARACO;E
021704;ANCASH;RECUAY;HUAYLLAPAMPA;F
021705;ANCASH;RECUAY;LLACLLIN;E
021706;ANCASH;RECUAY;MARCA;E
021707;ANCASH;RECUAY;PAMPAS_CHICO;F
021708;ANCASH;RECUAY;PARARIN;G
021709;ANCASH;RECUAY;TAPACOCHA;F
021710;ANCASH;RECUAY;TICAPAMPA;F
021801;ANCASH;SANTA;CHIMBOTE;A
021802;ANCASH;SANTA;CACERES_DEL_PERU;G
021803;ANCASH;SANTA;COISHCO;D
021804;ANCASH;SANTA;MACATE;G
021805;ANCASH;SANTA;MORO;F
021806;ANCASH;SANTA;NEPEÑA;E
021807;ANCASH;SANTA;SAMANCO;E
021808;ANCASH;SANTA;SANTA;E
021809;ANCASH;SANTA;NUEVO_CHIMBOTE;D
021901;ANCASH;SIHUAS;SIHUAS;B
021902;ANCASH;SIHUAS;ACOBAMBA;F
021903;ANCASH;SIHUAS;ALFONSO_UGARTE;F
021904;ANCASH;SIHUAS;CASHAPAMPA;G
021905;ANCASH;SIHUAS;CHINGALPO;F
021906;ANCASH;SIHUAS;HUAYLLABAMBA;G
021907;ANCASH;SIHUAS;QUICHES;G
021908;ANCASH;SIHUAS;RAGASH;G
021909;ANCASH;SIHUAS;SAN_JUAN;G
021910;ANCASH;SIHUAS;SICSIBAMBA;F
022001;ANCASH;YUNGAY;YUNGAY;B
022002;ANCASH;YUNGAY;CASCAPARA;G
022003;ANCASH;YUNGAY;MANCOS;F
022004;ANCASH;YUNGAY;MATACOTO;G
022005;ANCASH;YUNGAY;QUILLO;G
022006;ANCASH;YUNGAY;RANRAHIRCA;F
022007;ANCASH;YUNGAY;SHUPLUY;G
022008;ANCASH;YUNGAY;YANAMA;G
030101;APURIMAC;ABANCAY;ABANCAY;A
030102;APURIMAC;ABANCAY;CHACOCHE;E
030103;APURIMAC;ABANCAY;CIRCA;G
030104;APURIMAC;ABANCAY;CURAHUASI;F
030105;APURIMAC;ABANCAY;HUANIPACA;G
030106;APURIMAC;ABANCAY;LAMBRAMA;F
030107;APURIMAC;ABANCAY;PICHIRHUA;G
030108;APURIMAC;ABANCAY;SAN_PEDRO_DE_CACHORA;G
030109;APURIMAC;ABANCAY;TAMBURCO;D
030201;APURIMAC;ANDAHUAYLAS;ANDAHUAYLAS;A
030202;APURIMAC;ANDAHUAYLAS;ANDARAPA;G
030203;APURIMAC;ANDAHUAYLAS;CHIARA;F
030204;APURIMAC;ANDAHUAYLAS;HUANCARAMA;F
030205;APURIMAC;ANDAHUAYLAS;HUANCARAY;G
030206;APURIMAC;ANDAHUAYLAS;HUAYANA;F
030207;APURIMAC;ANDAHUAYLAS;KISHUARA;G
030208;APURIMAC;ANDAHUAYLAS;PACOBAMBA;G
030209;APURIMAC;ANDAHUAYLAS;PACUCHA;G
030210;APURIMAC;ANDAHUAYLAS;PAMPACHIRI;G
030211;APURIMAC;ANDAHUAYLAS;POMACOCHA;E
030212;APURIMAC;ANDAHUAYLAS;SAN_ANTONIO_DE_CACHI;F
030213;APURIMAC;ANDAHUAYLAS;SAN_JERONIMO;D
030214;APURIMAC;ANDAHUAYLAS;SAN_MIGUEL_DE_CHACCRAMPA;F
030215;APURIMAC;ANDAHUAYLAS;SANTA_MARIA_DE_CHICMO;F
030216;APURIMAC;ANDAHUAYLAS;TALAVERA;D
030217;APURIMAC;ANDAHUAYLAS;TUMAY_HUARACA;G
030218;APURIMAC;ANDAHUAYLAS;TURPO;G
030219;APURIMAC;ANDAHUAYLAS;KAQUIABAMBA;F
030220;APURIMAC;ANDAHUAYLAS;JOSE_MARIA_ARGUEDAS;E
030301;APURIMAC;ANTABAMBA;ANTABAMBA;B
030302;APURIMAC;ANTABAMBA;EL_ORO;E
030303;APURIMAC;ANTABAMBA;HUAQUIRCA;F
030304;APURIMAC;ANTABAMBA;JUAN_ESPINOZA_MEDRANO;E
030305;APURIMAC;ANTABAMBA;OROPESA;E
030306;APURIMAC;ANTABAMBA;PACHACONAS;E
030307;APURIMAC;ANTABAMBA;SABAINO;E
030401;APURIMAC;AYMARAES;CHALHUANCA;B
030402;APURIMAC;AYMARAES;CAPAYA;F
030403;APURIMAC;AYMARAES;CARAYBAMBA;E
030404;APURIMAC;AYMARAES;CHAPIMARCA;F
030405;APURIMAC;AYMARAES;COLCABAMBA;F
030406;APURIMAC;AYMARAES;COTARUSE;G
030407;APURIMAC;AYMARAES;IHUAYLLO;G
030408;APURIMAC;AYMARAES;JUSTO_APU_SAHUARAURA;G
030409;APURIMAC;AYMARAES;LUCRE;G
030410;APURIMAC;AYMARAES;POCOHUANCA;F
030411;APURIMAC;AYMARAES;SAN_JUAN_DE_CHACÑA;E
030412;APURIMAC;AYMARAES;SAÑAYCA;F
030413;APURIMAC;AYMARAES;SORAYA;G
030414;APURIMAC;AYMARAES;TAPAIRIHUA;G
030415;APURIMAC;AYMARAES;TINTAY;G
030416;APURIMAC;AYMARAES;TORAYA;G
030417;APURIMAC;AYMARAES;YANACA;F
030501;APURIMAC;COTABAMBAS;TAMBOBAMBA;B
030502;APURIMAC;COTABAMBAS;COTABAMBAS;F
030503;APURIMAC;COTABAMBAS;COYLLURQUI;G
030504;APURIMAC;COTABAMBAS;HAQUIRA;F
030505;APURIMAC;COTABAMBAS;MARA;G
030506;APURIMAC;COTABAMBAS;CHALLHUAHUACHO;F
030601;APURIMAC;CHINCHEROS;CHINCHEROS;B
030602;APURIMAC;CHINCHEROS;ANCO_HUALLO;E
030603;APURIMAC;CHINCHEROS;COCHARCAS;G
030604;APURIMAC;CHINCHEROS;HUACCANA;F
030605;APURIMAC;CHINCHEROS;OCOBAMBA;G
030606;APURIMAC;CHINCHEROS;ONGOY;G
030607;APURIMAC;CHINCHEROS;URANMARCA;F
030608;APURIMAC;CHINCHEROS;RANRACANCHA;G
030609;APURIMAC;CHINCHEROS;ROCCHACC;G
030610;APURIMAC;CHINCHEROS;EL_PORVENIR;F
030611;APURIMAC;CHINCHEROS;LOS_CHANKAS;G
030612;APURIMAC;CHINCHEROS;AHUAYRO;G
030701;APURIMAC;GRAU;CHUQUIBAMBILLA;B
030702;APURIMAC;GRAU;CURPAHUASI;G
030703;APURIMAC;GRAU;GAMARRA;G
030704;APURIMAC;GRAU;HUAYLLATI;G
030705;APURIMAC;GRAU;MAMARA;F
030706;APURIMAC;GRAU;MICAELA_BASTIDAS;F
030707;APURIMAC;GRAU;PATAYPAMPA;F
030708;APURIMAC;GRAU;PROGRESO;F
030709;APURIMAC;GRAU;SAN_ANTONIO;E
030710;APURIMAC;GRAU;SANTA_ROSA;F
030711;APURIMAC;GRAU;TURPAY;E
030712;APURIMAC;GRAU;VILCABAMBA;E
030713;APURIMAC;GRAU;VIRUNDO;E
030714;APURIMAC;GRAU;CURASCO;F
040101;AREQUIPA;AREQUIPA;AREQUIPA;A
040102;AREQUIPA;AREQUIPA;ALTO_SELVA_ALEGRE;D
040103;AREQUIPA;AREQUIPA;CAYMA;D
040104;AREQUIPA;AREQUIPA;CERRO_COLORADO;D
040105;AREQUIPA;AREQUIPA;CHARACATO;D
040106;AREQUIPA;AREQUIPA;CHIGUATA;D
040107;AREQUIPA;AREQUIPA;JACOBO_HUNTER;D
040108;AREQUIPA;AREQUIPA;LA_JOYA;E
040109;AREQUIPA;AREQUIPA;MARIANO_MELGAR;D
040110;AREQUIPA;AREQUIPA;MIRAFLORES;D
040111;AREQUIPA;AREQUIPA;MOLLEBAYA;D
040112;AREQUIPA;AREQUIPA;PAUCARPATA;D
040113;AREQUIPA;AREQUIPA;POCSI;F
040114;AREQUIPA;AREQUIPA;POLOBAYA;F
040115;AREQUIPA;AREQUIPA;QUEQUEÑA;E
040116;AREQUIPA;AREQUIPA;SABANDIA;D
040117;AREQUIPA;AREQUIPA;SACHACA;D
040118;AREQUIPA;AREQUIPA;SAN_JUAN_DE_SIGUAS;E
040119;AREQUIPA;AREQUIPA;SAN_JUAN_DE_TARUCANI;F
040120;AREQUIPA;AREQUIPA;SANTA_ISABEL_DE_SIGUAS;G
040121;AREQUIPA;AREQUIPA;SANTA_RITA_DE_SIGUAS;E
040122;AREQUIPA;AREQUIPA;SOCABAYA;D
040123;AREQUIPA;AREQUIPA;TIABAYA;D
040124;AREQUIPA;AREQUIPA;UCHUMAYO;E
040125;AREQUIPA;AREQUIPA;VITOR;F
040126;AREQUIPA;AREQUIPA;YANAHUARA;D
040127;AREQUIPA;AREQUIPA;YARABAMBA;E
040128;AREQUIPA;AREQUIPA;YURA;D
040129;AREQUIPA;AREQUIPA;JOSE_LUIS_BUSTAMANTE_Y_RIVERO;D
040201;AREQUIPA;CAMANA;CAMANA;B
040202;AREQUIPA;CAMANA;JOSE_MARIA_QUIMPER;E
040203;AREQUIPA;CAMANA;MARIANO_NICOLAS_VALCARCEL;G
040204;AREQUIPA;CAMANA;MARISCAL_CACERES;E
040205;AREQUIPA;CAMANA;NICOLAS_DE_PIEROLA;E
040206;AREQUIPA;CAMANA;OCOÑA;E
040207;AREQUIPA;CAMANA;QUILCA;G
040208;AREQUIPA;CAMANA;SAMUEL_PASTOR;E
040301;AREQUIPA;CARAVELI;CARAVELI;B
040302;AREQUIPA;CARAVELI;ACARI;E
040303;AREQUIPA;CARAVELI;ATICO;E
040304;AREQUIPA;CARAVELI;ATIQUIPA;G
040305;AREQUIPA;CARAVELI;BELLA_UNION;E
040306;AREQUIPA;CARAVELI;CAHUACHO;G
040307;AREQUIPA;CARAVELI;CHALA;E
040308;AREQUIPA;CARAVELI;CHAPARRA;F
040309;AREQUIPA;CARAVELI;HUANUHUANU;G
040310;AREQUIPA;CARAVELI;JAQUI;E
040311;AREQUIPA;CARAVELI;LOMAS;E
040312;AREQUIPA;CARAVELI;QUICACHA;F
040313;AREQUIPA;CARAVELI;YAUCA;E
040401;AREQUIPA;CASTILLA;APLAO;B
040402;AREQUIPA;CASTILLA;ANDAGUA;E
040403;AREQUIPA;CASTILLA;AYO;E
040404;AREQUIPA;CASTILLA;CHACHAS;F
040405;AREQUIPA;CASTILLA;CHILCAYMARCA;F
040406;AREQUIPA;CASTILLA;CHOCO;F
040407;AREQUIPA;CASTILLA;HUANCARQUI;E
040408;AREQUIPA;CASTILLA;MACHAGUAY;F
040409;AREQUIPA;CASTILLA;ORCOPAMPA;E
040410;AREQUIPA;CASTILLA;PAMPACOLCA;E
040411;AREQUIPA;CASTILLA;TIPAN;G
040412;AREQUIPA;CASTILLA;UÑON;F
040413;AREQUIPA;CASTILLA;URACA;F
040414;AREQUIPA;CASTILLA;VIRACO;E
040501;AREQUIPA;CAYLLOMA;CHIVAY;B
040502;AREQUIPA;CAYLLOMA;ACHOMA;E
040503;AREQUIPA;CAYLLOMA;CABANACONDE;E
040504;AREQUIPA;CAYLLOMA;CALLALLI;F
040505;AREQUIPA;CAYLLOMA;CAYLLOMA;E
040506;AREQUIPA;CAYLLOMA;COPORAQUE;F
040507;AREQUIPA;CAYLLOMA;HUAMBO;F
040508;AREQUIPA;CAYLLOMA;HUANCA;F
040509;AREQUIPA;CAYLLOMA;ICHUPAMPA;E
040510;AREQUIPA;CAYLLOMA;LARI;E
040511;AREQUIPA;CAYLLOMA;LLUTA;F
040512;AREQUIPA;CAYLLOMA;MACA;E
040513;AREQUIPA;CAYLLOMA;MADRIGAL;E
040514;AREQUIPA;CAYLLOMA;SAN_ANTONIO_DE_CHUCA;F
040515;AREQUIPA;CAYLLOMA;SIBAYO;E
040516;AREQUIPA;CAYLLOMA;TAPAY;G
040517;AREQUIPA;CAYLLOMA;TISCO;F
040518;AREQUIPA;CAYLLOMA;TUTI;E
040519;AREQUIPA;CAYLLOMA;YANQUE;E
040520;AREQUIPA;CAYLLOMA;MAJES;D
040601;AREQUIPA;CONDESUYOS;CHUQUIBAMBA;B
040602;AREQUIPA;CONDESUYOS;ANDARAY;G
040603;AREQUIPA;CONDESUYOS;CAYARANI;G
040604;AREQUIPA;CONDESUYOS;CHICHAS;F
040605;AREQUIPA;CONDESUYOS;IRAY;F
040606;AREQUIPA;CONDESUYOS;RIO_GRANDE;F
040607;AREQUIPA;CONDESUYOS;SALAMANCA;F
040608;AREQUIPA;CONDESUYOS;YANAQUIHUA;G
040701;AREQUIPA;ISLAY;MOLLENDO;A
040702;AREQUIPA;ISLAY;COCACHACRA;E
040703;AREQUIPA;ISLAY;DEAN_VALDIVIA;E
040704;AREQUIPA;ISLAY;ISLAY;E
040705;AREQUIPA;ISLAY;MEJIA;E
040706;AREQUIPA;ISLAY;PUNTA_DE_BOMBON;E
040801;AREQUIPA;LA_UNION;COTAHUASI;B
040802;AREQUIPA;LA_UNION;ALCA;E
040803;AREQUIPA;LA_UNION;CHARCANA;F
040804;AREQUIPA;LA_UNION;HUAYNACOTAS;F
040805;AREQUIPA;LA_UNION;PAMPAMARCA;F
040806;AREQUIPA;LA_UNION;PUYCA;F
040807;AREQUIPA;LA_UNION;QUECHUALLA;G
040808;AREQUIPA;LA_UNION;SAYLA;F
040809;AREQUIPA;LA_UNION;TAURIA;E
040810;AREQUIPA;LA_UNION;TOMEPAMPA;F
040811;AREQUIPA;LA_UNION;TORO;F
050101;AYACUCHO;HUAMANGA;AYACUCHO;A
050102;AYACUCHO;HUAMANGA;ACOCRO;G
050103;AYACUCHO;HUAMANGA;ACOS_VINCHOS;G
050104;AYACUCHO;HUAMANGA;CARMEN_ALTO;D
050105;AYACUCHO;HUAMANGA;CHIARA;F
050106;AYACUCHO;HUAMANGA;OCROS;G
050107;AYACUCHO;HUAMANGA;PACAYCASA;F
050108;AYACUCHO;HUAMANGA;QUINUA;F
050109;AYACUCHO;HUAMANGA;SAN_JOSE_DE_TICLLAS;G
050110;AYACUCHO;HUAMANGA;SAN_JUAN_BAUTISTA;D
050111;AYACUCHO;HUAMANGA;SANTIAGO_DE_PISCHA;F
050112;AYACUCHO;HUAMANGA;SOCOS;G
050113;AYACUCHO;HUAMANGA;TAMBILLO;G
050114;AYACUCHO;HUAMANGA;VINCHOS;G
050115;AYACUCHO;HUAMANGA;JESUS_NAZARENO;D
050116;AYACUCHO;HUAMANGA;ANDRES_AVELINO_CACERES_DORREGARAY;D
050201;AYACUCHO;CANGALLO;CANGALLO;B
050202;AYACUCHO;CANGALLO;CHUSCHI;F
050203;AYACUCHO;CANGALLO;LOS_MOROCHUCOS;F
050204;AYACUCHO;CANGALLO;MARIA_PARADO_DE_BELLIDO;G
050205;AYACUCHO;CANGALLO;PARAS;G
050206;AYACUCHO;CANGALLO;TOTOS;F
050301;AYACUCHO;HUANCA_SANCOS;SANCOS;B
050302;AYACUCHO;HUANCA_SANCOS;CARAPO;E
050303;AYACUCHO;HUANCA_SANCOS;SACSAMARCA;F
050304;AYACUCHO;HUANCA_SANCOS;SANTIAGO_DE_LUCANAMARCA;F
050401;AYACUCHO;HUANTA;HUANTA;A
050402;AYACUCHO;HUANTA;AYAHUANCO;F
050403;AYACUCHO;HUANTA;HUAMANGUILLA;F
050404;AYACUCHO;HUANTA;IGUAIN;G
050405;AYACUCHO;HUANTA;LURICOCHA;F
050406;AYACUCHO;HUANTA;SANTILLANA;G
050407;AYACUCHO;HUANTA;SIVIA;F
050408;AYACUCHO;HUANTA;LLOCHEGUA;F
050409;AYACUCHO;HUANTA;CANAYRE;F
050410;AYACUCHO;HUANTA;UCHURACCAY;G
050411;AYACUCHO;HUANTA;PUCACOLPA;G
050412;AYACUCHO;HUANTA;CHACA;F
050413;AYACUCHO;HUANTA;PUTIS;G
050501;AYACUCHO;LA_MAR;SAN_MIGUEL;B
050502;AYACUCHO;LA_MAR;ANCO;G
050503;AYACUCHO;LA_MAR;AYNA;E
050504;AYACUCHO;LA_MAR;CHILCAS;G
050505;AYACUCHO;LA_MAR;CHUNGUI;G
050506;AYACUCHO;LA_MAR;LUIS_CARRANZA;G
050507;AYACUCHO;LA_MAR;SANTA_ROSA;E
050508;AYACUCHO;LA_MAR;TAMBO;F
050509;AYACUCHO;LA_MAR;SAMUGARI;F
050510;AYACUCHO;LA_MAR;ANCHIHUAY;G
050511;AYACUCHO;LA_MAR;ORONCCOY;G
050512;AYACUCHO;LA_MAR;UNION_PROGRESO;G
050513;AYACUCHO;LA_MAR;RIO_MAGDALENA;G
050514;AYACUCHO;LA_MAR;NINABAMBA;G
050515;AYACUCHO;LA_MAR;PATIBAMBA;G
050601;AYACUCHO;LUCANAS;PUQUIO;B
050602;AYACUCHO;LUCANAS;AUCARA;E
050603;AYACUCHO;LUCANAS;CABANA;E
050604;AYACUCHO;LUCANAS;CARMEN_SALCEDO;E
050605;AYACUCHO;LUCANAS;CHAVIÑA;F
050606;AYACUCHO;LUCANAS;CHIPAO;F
050607;AYACUCHO;LUCANAS;HUAC-HUAS;G
050608;AYACUCHO;LUCANAS;LARAMATE;F
050609;AYACUCHO;LUCANAS;LEONCIO_PRADO;F
050610;AYACUCHO;LUCANAS;LLAUTA;F
050611;AYACUCHO;LUCANAS;LUCANAS;F
050612;AYACUCHO;LUCANAS;OCAÑA;F
050613;AYACUCHO;LUCANAS;OTOCA;G
050614;AYACUCHO;LUCANAS;SAISA;F
050615;AYACUCHO;LUCANAS;SAN_CRISTOBAL;F
050616;AYACUCHO;LUCANAS;SAN_JUAN;E
050617;AYACUCHO;LUCANAS;SAN_PEDRO;F
050618;AYACUCHO;LUCANAS;SAN_PEDRO_DE_PALCO;F
050619;AYACUCHO;LUCANAS;SANCOS;F
050620;AYACUCHO;LUCANAS;SANTA_ANA_DE_HUAYCAHUACHO;E
050621;AYACUCHO;LUCANAS;SANTA_LUCIA;E
050701;AYACUCHO;PARINACOCHAS;CORACORA;B
050702;AYACUCHO;PARINACOCHAS;CHUMPI;E
050703;AYACUCHO;PARINACOCHAS;CORONEL_CASTAÑEDA;G
050704;AYACUCHO;PARINACOCHAS;PACAPAUSA;F
050705;AYACUCHO;PARINACOCHAS;PULLO;E
050706;AYACUCHO;PARINACOCHAS;PUYUSCA;F
050707;AYACUCHO;PARINACOCHAS;SAN_FRANCISCO_DE_RIVACAYCO;F
050708;AYACUCHO;PARINACOCHAS;UPAHUACHO;G
050801;AYACUCHO;PAUCAR_DEL_SARA_SARA;PAUSA;B
050802;AYACUCHO;PAUCAR_DEL_SARA_SARA;COLTA;F
050803;AYACUCHO;PAUCAR_DEL_SARA_SARA;CORCULLA;F
050804;AYACUCHO;PAUCAR_DEL_SARA_SARA;LAMPA;E
050805;AYACUCHO;PAUCAR_DEL_SARA_SARA;MARCABAMBA;E
050806;AYACUCHO;PAUCAR_DEL_SARA_SARA;OYOLO;F
050807;AYACUCHO;PAUCAR_DEL_SARA_SARA;PARARCA;F
050808;AYACUCHO;PAUCAR_DEL_SARA_SARA;SAN_JAVIER_DE_ALPABAMBA;G
050809;AYACUCHO;PAUCAR_DEL_SARA_SARA;SAN_JOSE_DE_USHUA;F
050810;AYACUCHO;PAUCAR_DEL_SARA_SARA;SARA_SARA;E
050901;AYACUCHO;SUCRE;QUEROBAMBA;B
050902;AYACUCHO;SUCRE;BELEN;E
050903;AYACUCHO;SUCRE;CHALCOS;F
050904;AYACUCHO;SUCRE;CHILCAYOC;F
050905;AYACUCHO;SUCRE;HUACAÑA;E
050906;AYACUCHO;SUCRE;MORCOLLA;E
050907;AYACUCHO;SUCRE;PAICO;E
050908;AYACUCHO;SUCRE;SAN_PEDRO_DE_LARCAY;F
050909;AYACUCHO;SUCRE;SAN_SALVADOR_DE_QUIJE;G
050910;AYACUCHO;SUCRE;SANTIAGO_DE_PAUCARAY;E
050911;AYACUCHO;SUCRE;SORAS;E
051001;AYACUCHO;VICTOR_FAJARDO;HUANCAPI;B
051002;AYACUCHO;VICTOR_FAJARDO;ALCAMENCA;E
051003;AYACUCHO;VICTOR_FAJARDO;APONGO;E
051004;AYACUCHO;VICTOR_FAJARDO;ASQUIPATA;G
051005;AYACUCHO;VICTOR_FAJARDO;CANARIA;E
051006;AYACUCHO;VICTOR_FAJARDO;CAYARA;E
051007;AYACUCHO;VICTOR_FAJARDO;COLCA;F
051008;AYACUCHO;VICTOR_FAJARDO;HUAMANQUIQUIA;F
051009;AYACUCHO;VICTOR_FAJARDO;HUANCARAYLLA;E
051010;AYACUCHO;VICTOR_FAJARDO;HUALLA;E
051011;AYACUCHO;VICTOR_FAJARDO;SARHUA;E
051012;AYACUCHO;VICTOR_FAJARDO;VILCANCHOS;G
051101;AYACUCHO;VILCAS_HUAMAN;VILCAS_HUAMAN;B
051102;AYACUCHO;VILCAS_HUAMAN;ACCOMARCA;E
051103;AYACUCHO;VILCAS_HUAMAN;CARHUANCA;F
051104;AYACUCHO;VILCAS_HUAMAN;CONCEPCION;G
051105;AYACUCHO;VILCAS_HUAMAN;HUAMBALPA;F
051106;AYACUCHO;VILCAS_HUAMAN;INDEPENDENCIA;F
051107;AYACUCHO;VILCAS_HUAMAN;SAURAMA;G
051108;AYACUCHO;VILCAS_HUAMAN;VISCHONGO;F
060101;CAJAMARCA;CAJAMARCA;CAJAMARCA;A
060102;CAJAMARCA;CAJAMARCA;ASUNCION;G
060103;CAJAMARCA;CAJAMARCA;CHETILLA;G
060104;CAJAMARCA;CAJAMARCA;COSPAN;G
060105;CAJAMARCA;CAJAMARCA;ENCAÑADA;G
060106;CAJAMARCA;CAJAMARCA;JESUS;G
060107;CAJAMARCA;CAJAMARCA;LLACANORA;G
060108;CAJAMARCA;CAJAMARCA;LOS_BAÑOS_DEL_INCA;D
060109;CAJAMARCA;CAJAMARCA;MAGDALENA;G
060110;CAJAMARCA;CAJAMARCA;MATARA;G
060111;CAJAMARCA;CAJAMARCA;NAMORA;G
060112;CAJAMARCA;CAJAMARCA;SAN_JUAN;G
060201;CAJAMARCA;CAJABAMBA;CAJABAMBA;B
060202;CAJAMARCA;CAJABAMBA;CACHACHI;G
060203;CAJAMARCA;CAJABAMBA;CONDEBAMBA;G
060204;CAJAMARCA;CAJABAMBA;SITACOCHA;G
060301;CAJAMARCA;CELENDIN;CELENDIN;B
060302;CAJAMARCA;CELENDIN;CHUMUCH;G
060303;CAJAMARCA;CELENDIN;CORTEGANA;G
060304;CAJAMARCA;CELENDIN;HUASMIN;G
060305;CAJAMARCA;CELENDIN;JORGE_CHAVEZ;F
060306;CAJAMARCA;CELENDIN;JOSE_GALVEZ;G
060307;CAJAMARCA;CELENDIN;MIGUEL_IGLESIAS;G
060308;CAJAMARCA;CELENDIN;OXAMARCA;G
060309;CAJAMARCA;CELENDIN;SOROCHUCO;G
060310;CAJAMARCA;CELENDIN;SUCRE;G
060311;CAJAMARCA;CELENDIN;UTCO;G
060312;CAJAMARCA;CELENDIN;LA_LIBERTAD_DE_PALLAN;G
060401;CAJAMARCA;CHOTA;CHOTA;A
060402;CAJAMARCA;CHOTA;ANGUIA;G
060403;CAJAMARCA;CHOTA;CHADIN;G
060404;CAJAMARCA;CHOTA;CHIGUIRIP;G
060405;CAJAMARCA;CHOTA;CHIMBAN;G
060406;CAJAMARCA;CHOTA;CHOROPAMPA;G
060407;CAJAMARCA;CHOTA;COCHABAMBA;G
060408;CAJAMARCA;CHOTA;CONCHAN;G
060409;CAJAMARCA;CHOTA;HUAMBOS;G
060410;CAJAMARCA;CHOTA;LAJAS;G
060411;CAJAMARCA;CHOTA;LLAMA;F
060412;CAJAMARCA;CHOTA;MIRACOSTA;G
060413;CAJAMARCA;CHOTA;PACCHA;G
060414;CAJAMARCA;CHOTA;PION;F
060415;CAJAMARCA;CHOTA;QUEROCOTO;G
060416;CAJAMARCA;CHOTA;SAN_JUAN_DE_LICUPIS;G
060417;CAJAMARCA;CHOTA;TACABAMBA;G
060418;CAJAMARCA;CHOTA;TOCMOCHE;G
060419;CAJAMARCA;CHOTA;CHALAMARCA;G
060501;CAJAMARCA;CONTUMAZA;CONTUMAZA;B
060502;CAJAMARCA;CONTUMAZA;CHILETE;E
060503;CAJAMARCA;CONTUMAZA;CUPISNIQUE;G
060504;CAJAMARCA;CONTUMAZA;GUZMANGO;G
060505;CAJAMARCA;CONTUMAZA;SAN_BENITO;G
060506;CAJAMARCA;CONTUMAZA;SANTA_CRUZ_DE_TOLED;G
060507;CAJAMARCA;CONTUMAZA;TANTARICA;F
060508;CAJAMARCA;CONTUMAZA;YONAN;F
060601;CAJAMARCA;CUTERVO;CUTERVO;A
060602;CAJAMARCA;CUTERVO;CALLAYUC;G
060603;CAJAMARCA;CUTERVO;CHOROS;G
060604;CAJAMARCA;CUTERVO;CUJILLO;G
060605;CAJAMARCA;CUTERVO;LA_RAMADA;G
060606;CAJAMARCA;CUTERVO;PIMPINGOS;G
060607;CAJAMARCA;CUTERVO;QUEROCOTILLO;G
060608;CAJAMARCA;CUTERVO;SAN_ANDRES_DE_CUTERVO;G
060609;CAJAMARCA;CUTERVO;SAN_JUAN_DE_CUTERVO;G
060610;CAJAMARCA;CUTERVO;SAN_LUIS_DE_LUCMA;G
060611;CAJAMARCA;CUTERVO;SANTA_CRUZ;G
060612;CAJAMARCA;CUTERVO;SANTO_DOMINGO_DE_LA_CAPILLA;G
060613;CAJAMARCA;CUTERVO;SANTO_TOMAS;G
060614;CAJAMARCA;CUTERVO;SOCOTA;G
060615;CAJAMARCA;CUTERVO;TORIBIO_CASANOVA;G
060701;CAJAMARCA;HUALGAYOC;BAMBAMARCA;B
060702;CAJAMARCA;HUALGAYOC;CHUGUR;G
060703;CAJAMARCA;HUALGAYOC;HUALGAYOC;G
060801;CAJAMARCA;JAEN;JAEN;A
060802;CAJAMARCA;JAEN;BELLAVISTA;F
060803;CAJAMARCA;JAEN;CHONTALI;G
060804;CAJAMARCA;JAEN;COLASAY;G
060805;CAJAMARCA;JAEN;HUABAL;G
060806;CAJAMARCA;JAEN;LAS_PIRIAS;G
060807;CAJAMARCA;JAEN;POMAHUACA;G
060808;CAJAMARCA;JAEN;PUCARA;F
060809;CAJAMARCA;JAEN;SALLIQUE;G
060810;CAJAMARCA;JAEN;SAN_FELIPE;G
060811;CAJAMARCA;JAEN;SAN_JOSE_DEL_ALTO;G
060812;CAJAMARCA;JAEN;SANTA_ROSA;G
060901;CAJAMARCA;SAN_IGNACIO;SAN_IGNACIO;B
060902;CAJAMARCA;SAN_IGNACIO;CHIRINOS;G
060903;CAJAMARCA;SAN_IGNACIO;HUARANGO;G
060904;CAJAMARCA;SAN_IGNACIO;LA_COIPA;G
060905;CAJAMARCA;SAN_IGNACIO;NAMBALLE;G
060906;CAJAMARCA;SAN_IGNACIO;SAN_JOSE_DE_LOURDES;G
060907;CAJAMARCA;SAN_IGNACIO;TABACONAS;G
061001;CAJAMARCA;SAN_MARCOS;PEDRO_GALVEZ;B
061002;CAJAMARCA;SAN_MARCOS;CHANCAY;G
061003;CAJAMARCA;SAN_MARCOS;EDUARDO_VILLANUEVA;F
061004;CAJAMARCA;SAN_MARCOS;GREGORIO_PITA;G
061005;CAJAMARCA;SAN_MARCOS;ICHOCAN;G
061006;CAJAMARCA;SAN_MARCOS;JOSE_MANUEL_QUIROZ;G
061007;CAJAMARCA;SAN_MARCOS;JOSE_SABOGAL;G
061101;CAJAMARCA;SAN_MIGUEL;SAN_MIGUEL;B
061102;CAJAMARCA;SAN_MIGUEL;BOLIVAR;F
061103;CAJAMARCA;SAN_MIGUEL;CALQUIS;G
061104;CAJAMARCA;SAN_MIGUEL;CATILLUC;G
061105;CAJAMARCA;SAN_MIGUEL;EL_PRADO;G
061106;CAJAMARCA;SAN_MIGUEL;LA_FLORIDA;G
061107;CAJAMARCA;SAN_MIGUEL;LLAPA;G
061108;CAJAMARCA;SAN_MIGUEL;NANCHOC;G
061109;CAJAMARCA;SAN_MIGUEL;NIEPOS;G
061110;CAJAMARCA;SAN_MIGUEL;SAN_GREGORIO;G
061111;CAJAMARCA;SAN_MIGUEL;SAN_SILVESTRE_DE_COCHAN;G
061112;CAJAMARCA;SAN_MIGUEL;TONGOD;G
061113;CAJAMARCA;SAN_MIGUEL;UNION_AGUA_BLANCA;G
061201;CAJAMARCA;SAN_PABLO;SAN_PABLO;B
061202;CAJAMARCA;SAN_PABLO;SAN_BERNARDINO;G
061203;CAJAMARCA;SAN_PABLO;SAN_LUIS;G
061204;CAJAMARCA;SAN_PABLO;TUMBADEN;G
061301;CAJAMARCA;SANTA_CRUZ;SANTA_CRUZ;B
061302;CAJAMARCA;SANTA_CRUZ;ANDABAMBA;G
061303;CAJAMARCA;SANTA_CRUZ;CATACHE;G
061304;CAJAMARCA;SANTA_CRUZ;CHANCAYBAÑOS;G
061305;CAJAMARCA;SANTA_CRUZ;LA_ESPERANZA;G
061306;CAJAMARCA;SANTA_CRUZ;NINABAMBA;G
061307;CAJAMARCA;SANTA_CRUZ;PULAN;G
061308;CAJAMARCA;SANTA_CRUZ;SAUCEPAMPA;G
061309;CAJAMARCA;SANTA_CRUZ;SEXI;F
061310;CAJAMARCA;SANTA_CRUZ;UTICYACU;G
061311;CAJAMARCA;SANTA_CRUZ;YAUYUCAN;G
070101;CALLAO;CALLAO;CALLAO;A
070102;CALLAO;CALLAO;BELLAVISTA;D
070103;CALLAO;CALLAO;CARMEN_DE_LA_LEGUA_REYNOSO;D
070104;CALLAO;CALLAO;LA_PERLA;D
070105;CALLAO;CALLAO;LA_PUNTA;D
070106;CALLAO;CALLAO;VENTANILLA;D
070107;CALLAO;CALLAO;MI_PERU;D
080101;CUSCO;CUSCO;CUSCO;A
080102;CUSCO;CUSCO;CCORCA;G
080103;CUSCO;CUSCO;POROY;F
080104;CUSCO;CUSCO;SAN_JERONIMO;D
080105;CUSCO;CUSCO;SAN_SEBASTIAN;D
080106;CUSCO;CUSCO;SANTIAGO;D
080107;CUSCO;CUSCO;SAYLLA;F
080108;CUSCO;CUSCO;WANCHAQ;D
080201;CUSCO;ACOMAYO;ACOMAYO;B
080202;CUSCO;ACOMAYO;ACOPIA;F
080203;CUSCO;ACOMAYO;ACOS;F
080204;CUSCO;ACOMAYO;MOSOC_LLACTA;F
080205;CUSCO;ACOMAYO;POMACANCHI;F
080206;CUSCO;ACOMAYO;RONDOCAN;F
080207;CUSCO;ACOMAYO;SANGARARA;E
080301;CUSCO;ANTA;ANTA;B
080302;CUSCO;ANTA;ANCAHUASI;F
080303;CUSCO;ANTA;CACHIMAYO;F
080304;CUSCO;ANTA;CHINCHAYPUJIO;G
080305;CUSCO;ANTA;HUAROCONDO;F
080306;CUSCO;ANTA;LIMATAMBO;G
080307;CUSCO;ANTA;MOLLEPATA;F
080308;CUSCO;ANTA;PUCYURA;F
080309;CUSCO;ANTA;ZURITE;F
080401;CUSCO;CALCA;CALCA;B
080402;CUSCO;CALCA;COYA;E
080403;CUSCO;CALCA;LAMAY;F
080404;CUSCO;CALCA;LARES;F
080405;CUSCO;CALCA;PISAC;F
080406;CUSCO;CALCA;SAN_SALVADOR;G
080407;CUSCO;CALCA;TARAY;F
080408;CUSCO;CALCA;YANATILE;G
080501;CUSCO;CANAS;YANAOCA;B
080502;CUSCO;CANAS;CHECCA;G
080503;CUSCO;CANAS;KUNTURKANKI;G
080504;CUSCO;CANAS;LANGUI;G
080505;CUSCO;CANAS;LAYO;G
080506;CUSCO;CANAS;PAMPAMARCA;F
080507;CUSCO;CANAS;QUEHUE;G
080508;CUSCO;CANAS;TUPAC_AMARU;G
080601;CUSCO;CANCHIS;SICUANI;A
080602;CUSCO;CANCHIS;CHECACUPE;F
080603;CUSCO;CANCHIS;COMBAPATA;F
080604;CUSCO;CANCHIS;MARANGANI;G
080605;CUSCO;CANCHIS;PITUMARCA;F
080606;CUSCO;CANCHIS;SAN_PABLO;F
080607;CUSCO;CANCHIS;SAN_PEDRO;F
080608;CUSCO;CANCHIS;TINTA;F
080701;CUSCO;CHUMBIVILCAS;SANTO_TOMAS;B
080702;CUSCO;CHUMBIVILCAS;CAPACMARCA;G
080703;CUSCO;CHUMBIVILCAS;CHAMACA;G
080704;CUSCO;CHUMBIVILCAS;COLQUEMARCA;G
080705;CUSCO;CHUMBIVILCAS;LIVITACA;G
080706;CUSCO;CHUMBIVILCAS;LLUSCO;G
080707;CUSCO;CHUMBIVILCAS;QUIÑOTA;G
080708;CUSCO;CHUMBIVILCAS;VELILLE;F
080801;CUSCO;ESPINAR;ESPINAR;A
080802;CUSCO;ESPINAR;CONDOROMA;F
080803;CUSCO;ESPINAR;COPORAQUE;G
080804;CUSCO;ESPINAR;OCORURO;G
080805;CUSCO;ESPINAR;PALLPATA;F
080806;CUSCO;ESPINAR;PICHIGUA;G
080807;CUSCO;ESPINAR;SUYCKUTAMBO;G
080808;CUSCO;ESPINAR;ALTO_PICHIGUA;G
080901;CUSCO;LA_CONVENCION;SANTA_ANA;A
080902;CUSCO;LA_CONVENCION;ECHARATE;G
080903;CUSCO;LA_CONVENCION;HUAYOPATA;F
080904;CUSCO;LA_CONVENCION;MARANURA;G
080905;CUSCO;LA_CONVENCION;OCOBAMBA;G
080906;CUSCO;LA_CONVENCION;QUELLOUNO;G
080907;CUSCO;LA_CONVENCION;KIMBIRI;F
080908;CUSCO;LA_CONVENCION;SANTA_TERESA;G
080909;CUSCO;LA_CONVENCION;VILCABAMBA;G
080910;CUSCO;LA_CONVENCION;PICHARI;E
080911;CUSCO;LA_CONVENCION;INKAWASI;G
080912;CUSCO;LA_CONVENCION;VILLA_VIRGEN;F
080913;CUSCO;LA_CONVENCION;VILLA_KINTIARINA;G
080914;CUSCO;LA_CONVENCION;MEGANTONI;G
080915;CUSCO;LA_CONVENCION;KUMPIRUSHIATO;G
080916;CUSCO;LA_CONVENCION;CIELO_PUNCO;G
080917;CUSCO;LA_CONVENCION;MANITEA;G
080918;CUSCO;LA_CONVENCION;UNION_ASHANINKA;G
081001;CUSCO;PARURO;PARURO;B
081002;CUSCO;PARURO;ACCHA;F
081003;CUSCO;PARURO;CCAPI;G
081004;CUSCO;PARURO;COLCHA;E
081005;CUSCO;PARURO;HUANOQUITE;F
081006;CUSCO;PARURO;OMACHA;G
081007;CUSCO;PARURO;PACCARITAMBO;F
081008;CUSCO;PARURO;PILLPINTO;E
081009;CUSCO;PARURO;YAURISQUE;G
081101;CUSCO;PAUCARTAMBO;PAUCARTAMBO;B
081102;CUSCO;PAUCARTAMBO;CAICAY;G
081103;CUSCO;PAUCARTAMBO;CHALLABAMBA;G
081104;CUSCO;PAUCARTAMBO;COLQUEPATA;G
081105;CUSCO;PAUCARTAMBO;HUANCARANI;G
081106;CUSCO;PAUCARTAMBO;KOSÑIPATA;F
081201;CUSCO;QUISPICANCHI;URCOS;B
081202;CUSCO;QUISPICANCHI;ANDAHUAYLILLAS;E
081203;CUSCO;QUISPICANCHI;CAMANTI;E
081204;CUSCO;QUISPICANCHI;CCARHUAYO;G
081205;CUSCO;QUISPICANCHI;CCATCA;G
081206;CUSCO;QUISPICANCHI;CUSIPATA;G
081207;CUSCO;QUISPICANCHI;HUARO;F
081208;CUSCO;QUISPICANCHI;LUCRE;E
081209;CUSCO;QUISPICANCHI;MARCAPATA;G
081210;CUSCO;QUISPICANCHI;OCONGATE;G
081211;CUSCO;QUISPICANCHI;OROPESA;E
081212;CUSCO;QUISPICANCHI;QUIQUIJANA;G
081301;CUSCO;URUBAMBA;URUBAMBA;B
081302;CUSCO;URUBAMBA;CHINCHERO;F
081303;CUSCO;URUBAMBA;HUAYLLABAMBA;F
081304;CUSCO;URUBAMBA;MACHUPICCHU;E
081305;CUSCO;URUBAMBA;MARAS;G
081306;CUSCO;URUBAMBA;OLLANTAYTAMBO;G
081307;CUSCO;URUBAMBA;YUCAY;E
090101;HUANCAVELICA;HUANCAVELICA;HUANCAVELICA;A
090102;HUANCAVELICA;HUANCAVELICA;ACOBAMBILLA;G
090103;HUANCAVELICA;HUANCAVELICA;ACORIA;G
090104;HUANCAVELICA;HUANCAVELICA;CONAYCA;E
090105;HUANCAVELICA;HUANCAVELICA;CUENCA;G
090106;HUANCAVELICA;HUANCAVELICA;HUACHOCOLPA;F
090107;HUANCAVELICA;HUANCAVELICA;HUAYLLAHUARA;E
090108;HUANCAVELICA;HUANCAVELICA;IZCUCHACA;F
090109;HUANCAVELICA;HUANCAVELICA;LARIA;F
090110;HUANCAVELICA;HUANCAVELICA;MANTA;G
090111;HUANCAVELICA;HUANCAVELICA;MARISCAL_CACERES;E
090112;HUANCAVELICA;HUANCAVELICA;MOYA;F
090113;HUANCAVELICA;HUANCAVELICA;NUEVO_OCCORO;G
090114;HUANCAVELICA;HUANCAVELICA;PALCA;G
090115;HUANCAVELICA;HUANCAVELICA;PILCHACA;F
090116;HUANCAVELICA;HUANCAVELICA;VILCA;G
090117;HUANCAVELICA;HUANCAVELICA;YAULI;G
090118;HUANCAVELICA;HUANCAVELICA;ASCENSION;D
090119;HUANCAVELICA;HUANCAVELICA;HUANDO;G
090201;HUANCAVELICA;ACOBAMBA;ACOBAMBA;B
090202;HUANCAVELICA;ACOBAMBA;ANDABAMBA;G
090203;HUANCAVELICA;ACOBAMBA;ANTA;G
090204;HUANCAVELICA;ACOBAMBA;CAJA;F
090205;HUANCAVELICA;ACOBAMBA;MARCAS;F
090206;HUANCAVELICA;ACOBAMBA;PAUCARA;F
090207;HUANCAVELICA;ACOBAMBA;POMACOCHA;F
090208;HUANCAVELICA;ACOBAMBA;ROSARIO;F
090301;HUANCAVELICA;ANGARAES;LIRCAY;B
090302;HUANCAVELICA;ANGARAES;ANCHONGA;G
090303;HUANCAVELICA;ANGARAES;CALLANMARCA;E
090304;HUANCAVELICA;ANGARAES;CCOCHACCASA;F
090305;HUANCAVELICA;ANGARAES;CHINCHO;G
090306;HUANCAVELICA;ANGARAES;CONGALLA;G
090307;HUANCAVELICA;ANGARAES;HUANCA-HUANCA;F
090308;HUANCAVELICA;ANGARAES;HUAYLLAY_GRANDE;E
090309;HUANCAVELICA;ANGARAES;JULCAMARCA;F
090310;HUANCAVELICA;ANGARAES;SAN_ANTONIO_DE_ANTAPARCO;G
090311;HUANCAVELICA;ANGARAES;SANTO_TOMAS_DE_PATA;G
090312;HUANCAVELICA;ANGARAES;SECCLLA;G
090401;HUANCAVELICA;CASTROVIRREYNA;CASTROVIRREYNA;B
090402;HUANCAVELICA;CASTROVIRREYNA;ARMA;G
090403;HUANCAVELICA;CASTROVIRREYNA;AURAHUA;F
090404;HUANCAVELICA;CASTROVIRREYNA;CAPILLAS;G
090405;HUANCAVELICA;CASTROVIRREYNA;CHUPAMARCA;G
090406;HUANCAVELICA;CASTROVIRREYNA;COCAS;G
090407;HUANCAVELICA;CASTROVIRREYNA;HUACHOS;G
090408;HUANCAVELICA;CASTROVIRREYNA;HUAMATAMBO;F
090409;HUANCAVELICA;CASTROVIRREYNA;MOLLEPAMPA;G
090410;HUANCAVELICA;CASTROVIRREYNA;SAN_JUAN;G
090411;HUANCAVELICA;CASTROVIRREYNA;SANTA_ANA;G
090412;HUANCAVELICA;CASTROVIRREYNA;TANTARA;F
090413;HUANCAVELICA;CASTROVIRREYNA;TICRAPO;F
090501;HUANCAVELICA;CHURCAMPA;CHURCAMPA;B
090502;HUANCAVELICA;CHURCAMPA;ANCO;G
090503;HUANCAVELICA;CHURCAMPA;CHINCHIHUASI;G
090504;HUANCAVELICA;CHURCAMPA;EL_CARMEN;G
090505;HUANCAVELICA;CHURCAMPA;LA_MERCED;F
090506;HUANCAVELICA;CHURCAMPA;LOCROJA;G
090507;HUANCAVELICA;CHURCAMPA;PAUCARBAMBA;G
090508;HUANCAVELICA;CHURCAMPA;SAN_MIGUEL_DE_MAYOCC;F
090509;HUANCAVELICA;CHURCAMPA;SAN_PEDRO_DE_CORIS;F
090510;HUANCAVELICA;CHURCAMPA;PACHAMARCA;G
090511;HUANCAVELICA;CHURCAMPA;COSME;G
090601;HUANCAVELICA;HUAYTARA;HUAYTARA;B
090602;HUANCAVELICA;HUAYTARA;AYAVI;F
090603;HUANCAVELICA;HUAYTARA;CORDOVA;G
090604;HUANCAVELICA;HUAYTARA;HUAYACUNDO_ARMA;F
090605;HUANCAVELICA;HUAYTARA;LARAMARCA;E
090606;HUANCAVELICA;HUAYTARA;OCOYO;G
090607;HUANCAVELICA;HUAYTARA;PILPICHACA;G
090608;HUANCAVELICA;HUAYTARA;QUERCO;F
090609;HUANCAVELICA;HUAYTARA;QUITO-ARMA;G
090610;HUANCAVELICA;HUAYTARA;SAN_ANTONIO_DE_CUSICANCHA;G
090611;HUANCAVELICA;HUAYTARA;SAN_FRANCISCO_DE_SANGAYAICO;G
090612;HUANCAVELICA;HUAYTARA;SAN_ISIDRO;G
090613;HUANCAVELICA;HUAYTARA;SANTIAGO_DE_CHOCORVOS;G
090614;HUANCAVELICA;HUAYTARA;SANTIAGO_DE_QUIRAHUARA;F
090615;HUANCAVELICA;HUAYTARA;SANTO_DOMINGO_DE_CAPILLAS;G
090616;HUANCAVELICA;HUAYTARA;TAMBO;F
090701;HUANCAVELICA;TAYACAJA;PAMPAS;B
090702;HUANCAVELICA;TAYACAJA;ACOSTAMBO;G
090703;HUANCAVELICA;TAYACAJA;ACRAQUIA;G
090704;HUANCAVELICA;TAYACAJA;AHUAYCHA;G
090705;HUANCAVELICA;TAYACAJA;COLCABAMBA;G
090706;HUANCAVELICA;TAYACAJA;DANIEL_HERNANDEZ;F
090707;HUANCAVELICA;TAYACAJA;HUACHOCOLPA;G
090709;HUANCAVELICA;TAYACAJA;HUARIBAMBA;G
090710;HUANCAVELICA;TAYACAJA;ÑAHUIMPUQUIO;E
090711;HUANCAVELICA;TAYACAJA;PAZOS;F
090713;HUANCAVELICA;TAYACAJA;QUISHUAR;E
090714;HUANCAVELICA;TAYACAJA;SALCABAMBA;G
090715;HUANCAVELICA;TAYACAJA;SALCAHUASI;G
090716;HUANCAVELICA;TAYACAJA;SAN_MARCOS_DE_ROCCHAC;G
090717;HUANCAVELICA;TAYACAJA;SURCUBAMBA;G
090718;HUANCAVELICA;TAYACAJA;TINTAY_PUNCU;G
090719;HUANCAVELICA;TAYACAJA;QUICHUAS;G
090720;HUANCAVELICA;TAYACAJA;ANDAYMARCA;G
090721;HUANCAVELICA;TAYACAJA;ROBLE;F
090722;HUANCAVELICA;TAYACAJA;PICHOS;F
090723;HUANCAVELICA;TAYACAJA;SANTIAGO_DE_TUCUMA;F
090724;HUANCAVELICA;TAYACAJA;LAMBRAS;G
090725;HUANCAVELICA;TAYACAJA;COCHABAMBA;G
100101;HUANUCO;HUANUCO;HUANUCO;A
100102;HUANUCO;HUANUCO;AMARILIS;D
100103;HUANUCO;HUANUCO;CHINCHAO;G
100104;HUANUCO;HUANUCO;CHURUBAMBA;G
100105;HUANUCO;HUANUCO;MARGOS;F
100106;HUANUCO;HUANUCO;QUISQUI_(KICHKI);G
100107;HUANUCO;HUANUCO;SAN_FRANCISCO_DE_CAYRAN;G
100108;HUANUCO;HUANUCO;SAN_PEDRO_DE_CHAULAN;G
100109;HUANUCO;HUANUCO;SANTA_MARIA_DEL_VALLE;G
100110;HUANUCO;HUANUCO;YARUMAYO;G
100111;HUANUCO;HUANUCO;PILLCO_MARCA;D
100112;HUANUCO;HUANUCO;YACUS;F
100113;HUANUCO;HUANUCO;SAN_PABLO_DE_PILLAO;G
100201;HUANUCO;AMBO;AMBO;B
100202;HUANUCO;AMBO;CAYNA;F
100203;HUANUCO;AMBO;COLPAS;G
100204;HUANUCO;AMBO;CONCHAMARCA;G
100205;HUANUCO;AMBO;HUACAR;G
100206;HUANUCO;AMBO;SAN_FRANCISCO;F
100207;HUANUCO;AMBO;SAN_RAFAEL;G
100208;HUANUCO;AMBO;TOMAY_KICHWA;F
100301;HUANUCO;DOS_DE_MAYO;LA_UNION;B
100307;HUANUCO;DOS_DE_MAYO;CHUQUIS;F
100311;HUANUCO;DOS_DE_MAYO;MARIAS;F
100313;HUANUCO;DOS_DE_MAYO;PACHAS;F
100316;HUANUCO;DOS_DE_MAYO;QUIVILLA;F
100317;HUANUCO;DOS_DE_MAYO;RIPAN;F
100321;HUANUCO;DOS_DE_MAYO;SHUNQUI;G
100322;HUANUCO;DOS_DE_MAYO;SILLAPATA;G
100323;HUANUCO;DOS_DE_MAYO;YANAS;F
100401;HUANUCO;HUACAYBAMBA;HUACAYBAMBA;B
100402;HUANUCO;HUACAYBAMBA;CANCHABAMBA;G
100403;HUANUCO;HUACAYBAMBA;COCHABAMBA;G
100404;HUANUCO;HUACAYBAMBA;PINRA;G
100501;HUANUCO;HUAMALIES;LLATA;B
100502;HUANUCO;HUAMALIES;ARANCAY;G
100503;HUANUCO;HUAMALIES;CHAVIN_DE_PARIARCA;F
100504;HUANUCO;HUAMALIES;JACAS_GRANDE;G
100505;HUANUCO;HUAMALIES;JIRCAN;G
100506;HUANUCO;HUAMALIES;MIRAFLORES;F
100507;HUANUCO;HUAMALIES;MONZON;F
100508;HUANUCO;HUAMALIES;PUNCHAO;E
100509;HUANUCO;HUAMALIES;PUÑOS;G
100510;HUANUCO;HUAMALIES;SINGA;G
100511;HUANUCO;HUAMALIES;TANTAMAYO;G
100601;HUANUCO;LEONCIO_PRADO;RUPA-RUPA;A
100602;HUANUCO;LEONCIO_PRADO;DANIEL_ALOMIA_ROBLES;G
100603;HUANUCO;LEONCIO_PRADO;HERMILIO_VALDIZAN;G
100604;HUANUCO;LEONCIO_PRADO;JOSE_CRESPO_Y_CASTILLO;E
100605;HUANUCO;LEONCIO_PRADO;LUYANDO;F
100606;HUANUCO;LEONCIO_PRADO;MARIANO_DAMASO_BERAUN;D
100607;HUANUCO;LEONCIO_PRADO;PUCAYACU;G
100608;HUANUCO;LEONCIO_PRADO;CASTILLO_GRANDE;D
100609;HUANUCO;LEONCIO_PRADO;PUEBLO_NUEVO;G
100610;HUANUCO;LEONCIO_PRADO;SANTO_DOMINGO_DE_ANDA;G
100701;HUANUCO;MARAÑON;HUACRACHUCO;B
100702;HUANUCO;MARAÑON;CHOLON;F
100703;HUANUCO;MARAÑON;SAN_BUENAVENTURA;G
100704;HUANUCO;MARAÑON;LA_MORADA;F
100705;HUANUCO;MARAÑON;SANTA_ROSA_DE_ALTO_YANAJANCA;F
100801;HUANUCO;PACHITEA;PANAO;B
100802;HUANUCO;PACHITEA;CHAGLLA;F
100803;HUANUCO;PACHITEA;MOLINO;F
100804;HUANUCO;PACHITEA;UMARI;G
100901;HUANUCO;PUERTO_INCA;PUERTO_INCA;B
100902;HUANUCO;PUERTO_INCA;CODO_DEL_POZUZO;G
100903;HUANUCO;PUERTO_INCA;HONORIA;G
100904;HUANUCO;PUERTO_INCA;TOURNAVISTA;G
100905;HUANUCO;PUERTO_INCA;YUYAPICHIS;G
101001;HUANUCO;LAURICOCHA;JESUS;B
101002;HUANUCO;LAURICOCHA;BAÑOS;F
101003;HUANUCO;LAURICOCHA;JIVIA;G
101004;HUANUCO;LAURICOCHA;QUEROPALCA;E
101005;HUANUCO;LAURICOCHA;RONDOS;G
101006;HUANUCO;LAURICOCHA;SAN_FRANCISCO_DE_ASIS;F
101007;HUANUCO;LAURICOCHA;SAN_MIGUEL_DE_CAURI;G
101101;HUANUCO;YAROWILCA;CHAVINILLO;B
101102;HUANUCO;YAROWILCA;CAHUAC;F
101103;HUANUCO;YAROWILCA;CHACABAMBA;G
101104;HUANUCO;YAROWILCA;APARICIO_POMARES;G
101105;HUANUCO;YAROWILCA;JACAS_CHICO;G
101106;HUANUCO;YAROWILCA;OBAS;G
101107;HUANUCO;YAROWILCA;PAMPAMARCA;G
101108;HUANUCO;YAROWILCA;CHORAS;G
110101;ICA;ICA;ICA;A
110102;ICA;ICA;LA_TINGUIÑA;D
110103;ICA;ICA;LOS_AQUIJES;D
110104;ICA;ICA;OCUCAJE;F
110105;ICA;ICA;PACHACUTEC;E
110106;ICA;ICA;PARCONA;D
110107;ICA;ICA;PUEBLO_NUEVO;F
110108;ICA;ICA;SALAS;D
110109;ICA;ICA;SAN_JOSE_DE_LOS_MOLINOS;E
110110;ICA;ICA;SAN_JUAN_BAUTISTA;D
110111;ICA;ICA;SANTIAGO;E
110112;ICA;ICA;SUBTANJALLA;D
110113;ICA;ICA;TATE;E
110114;ICA;ICA;YAUCA_DEL_ROSARIO;G
110201;ICA;CHINCHA;CHINCHA_ALTA;A
110202;ICA;CHINCHA;ALTO_LARAN;E
110203;ICA;CHINCHA;CHAVIN;G
110204;ICA;CHINCHA;CHINCHA_BAJA;F
110205;ICA;CHINCHA;EL_CARMEN;F
110206;ICA;CHINCHA;GROCIO_PRADO;D
110207;ICA;CHINCHA;PUEBLO_NUEVO;D
110208;ICA;CHINCHA;SAN_JUAN_DE_YANAC;G
110209;ICA;CHINCHA;SAN_PEDRO_DE_HUACARPANA;G
110210;ICA;CHINCHA;SUNAMPE;D
110211;ICA;CHINCHA;TAMBO_DE_MORA;E
110301;ICA;NASCA;NASCA;A
110302;ICA;NASCA;CHANGUILLO;F
110303;ICA;NASCA;EL_INGENIO;F
110304;ICA;NASCA;MARCONA;E
110305;ICA;NASCA;VISTA_ALEGRE;D
110401;ICA;PALPA;PALPA;B
110402;ICA;PALPA;LLIPATA;E
110403;ICA;PALPA;RIO_GRANDE;F
110404;ICA;PALPA;SANTA_CRUZ;F
110405;ICA;PALPA;TIBILLO;F
110501;ICA;PISCO;PISCO;A
110502;ICA;PISCO;HUANCANO;G
110503;ICA;PISCO;HUMAY;F
110504;ICA;PISCO;INDEPENDENCIA;F
110505;ICA;PISCO;PARACAS;E
110506;ICA;PISCO;SAN_ANDRES;D
110507;ICA;PISCO;SAN_CLEMENTE;D
110508;ICA;PISCO;TUPAC_AMARU_INCA;D
120101;JUNIN;HUANCAYO;HUANCAYO;A
120104;JUNIN;HUANCAYO;CARHUACALLANGA;E
120105;JUNIN;HUANCAYO;CHACAPAMPA;F
120106;JUNIN;HUANCAYO;CHICCHE;F
120107;JUNIN;HUANCAYO;CHILCA;D
120108;JUNIN;HUANCAYO;CHONGOS_ALTO;F
120111;JUNIN;HUANCAYO;CHUPURO;F
120112;JUNIN;HUANCAYO;COLCA;F
120113;JUNIN;HUANCAYO;CULLHUAS;F
120114;JUNIN;HUANCAYO;EL_TAMBO;D
120116;JUNIN;HUANCAYO;HUACRAPUQUIO;E
120117;JUNIN;HUANCAYO;HUALHUAS;D
120119;JUNIN;HUANCAYO;HUANCAN;D
120120;JUNIN;HUANCAYO;HUASICANCHA;E
120121;JUNIN;HUANCAYO;HUAYUCACHI;D
120122;JUNIN;HUANCAYO;INGENIO;E
120124;JUNIN;HUANCAYO;PARIAHUANCA;G
120125;JUNIN;HUANCAYO;PILCOMAYO;D
120126;JUNIN;HUANCAYO;PUCARA;F
120127;JUNIN;HUANCAYO;QUICHUAY;F
120128;JUNIN;HUANCAYO;QUILCAS;E
120129;JUNIN;HUANCAYO;SAN_AGUSTIN;D
120130;JUNIN;HUANCAYO;SAN_JERONIMO_DE_TUNAN;E
120132;JUNIN;HUANCAYO;SAÑO;E
120133;JUNIN;HUANCAYO;SAPALLANGA;D
120134;JUNIN;HUANCAYO;SICAYA;D
120135;JUNIN;HUANCAYO;SANTO_DOMINGO_DE_ACOBAMBA;G
120136;JUNIN;HUANCAYO;VIQUES;E
120201;JUNIN;CONCEPCION;CONCEPCION;B
120202;JUNIN;CONCEPCION;ACO;E
120203;JUNIN;CONCEPCION;ANDAMARCA;G
120204;JUNIN;CONCEPCION;CHAMBARA;G
120205;JUNIN;CONCEPCION;COCHAS;G
120206;JUNIN;CONCEPCION;COMAS;G
120207;JUNIN;CONCEPCION;HEROINAS_TOLEDO;G
120208;JUNIN;CONCEPCION;MANZANARES;E
120209;JUNIN;CONCEPCION;MARISCAL_CASTILLA;G
120210;JUNIN;CONCEPCION;MATAHUASI;E
120211;JUNIN;CONCEPCION;MITO;F
120212;JUNIN;CONCEPCION;NUEVE_DE_JULIO;E
120213;JUNIN;CONCEPCION;ORCOTUNA;E
120214;JUNIN;CONCEPCION;SAN_JOSE_DE_QUERO;F
120215;JUNIN;CONCEPCION;SANTA_ROSA_DE_OCOPA;E
120301;JUNIN;CHANCHAMAYO;CHANCHAMAYO;A
120302;JUNIN;CHANCHAMAYO;PERENE;D
120303;JUNIN;CHANCHAMAYO;PICHANAQUI;D
120304;JUNIN;CHANCHAMAYO;SAN_LUIS_DE_SHUARO;F
120305;JUNIN;CHANCHAMAYO;SAN_RAMON;D
120306;JUNIN;CHANCHAMAYO;VITOC;G
120401;JUNIN;JAUJA;JAUJA;A
120402;JUNIN;JAUJA;ACOLLA;E
120403;JUNIN;JAUJA;APATA;F
120404;JUNIN;JAUJA;ATAURA;E
120405;JUNIN;JAUJA;CANCHAYLLO;E
120406;JUNIN;JAUJA;CURICACA;G
120407;JUNIN;JAUJA;EL_MANTARO;E
120408;JUNIN;JAUJA;HUAMALI;E
120409;JUNIN;JAUJA;HUARIPAMPA;E
120410;JUNIN;JAUJA;HUERTAS;E
120411;JUNIN;JAUJA;JANJAILLO;G
120412;JUNIN;JAUJA;JULCAN;E
120413;JUNIN;JAUJA;LEONOR_ORDOÑEZ;E
120414;JUNIN;JAUJA;LLOCLLAPAMPA;E
120415;JUNIN;JAUJA;MARCO;E
120416;JUNIN;JAUJA;MASMA;F
120417;JUNIN;JAUJA;MASMA_CHICCHE;G
120418;JUNIN;JAUJA;MOLINOS;E
120419;JUNIN;JAUJA;MONOBAMBA;G
120420;JUNIN;JAUJA;MUQUI;E
120421;JUNIN;JAUJA;MUQUIYAUYO;E
120422;JUNIN;JAUJA;PACA;F
120423;JUNIN;JAUJA;PACCHA;G
120424;JUNIN;JAUJA;PANCAN;F
120425;JUNIN;JAUJA;PARCO;E
120426;JUNIN;JAUJA;POMACANCHA;F
120427;JUNIN;JAUJA;RICRAN;F
120428;JUNIN;JAUJA;SAN_LORENZO;E
120429;JUNIN;JAUJA;SAN_PEDRO_DE_CHUNAN;E
120430;JUNIN;JAUJA;SAUSA;D
120431;JUNIN;JAUJA;SINCOS;F
120432;JUNIN;JAUJA;TUNAN_MARCA;E
120433;JUNIN;JAUJA;YAULI;E
120434;JUNIN;JAUJA;YAUYOS;D
120501;JUNIN;JUNIN;JUNIN;B
120502;JUNIN;JUNIN;CARHUAMAYO;E
120503;JUNIN;JUNIN;ONDORES;F
120504;JUNIN;JUNIN;ULCUMAYO;G
120601;JUNIN;SATIPO;SATIPO;A
120602;JUNIN;SATIPO;COVIRIALI;G
120603;JUNIN;SATIPO;LLAYLLA;G
120604;JUNIN;SATIPO;MAZAMARI;F
120605;JUNIN;SATIPO;PAMPA_HERMOSA;G
120606;JUNIN;SATIPO;PANGOA;D
120607;JUNIN;SATIPO;RIO_NEGRO;G
120608;JUNIN;SATIPO;RIO_TAMBO;G
120609;JUNIN;SATIPO;VIZCATAN_DEL_ENE;G
120701;JUNIN;TARMA;TARMA;A
120702;JUNIN;TARMA;ACOBAMBA;F
120703;JUNIN;TARMA;HUARICOLCA;F
120704;JUNIN;TARMA;HUASAHUASI;F
120705;JUNIN;TARMA;LA_UNION;E
120706;JUNIN;TARMA;PALCA;F
120707;JUNIN;TARMA;PALCAMAYO;F
120708;JUNIN;TARMA;SAN_PEDRO_DE_CAJAS;E
120709;JUNIN;TARMA;TAPO;G
120801;JUNIN;YAULI;LA_OROYA;A
120802;JUNIN;YAULI;CHACAPALPA;F
120803;JUNIN;YAULI;HUAY-HUAY;E
120804;JUNIN;YAULI;MARCAPOMACOCHA;F
120805;JUNIN;YAULI;MOROCOCHA;E
120806;JUNIN;YAULI;PACCHA;E
120807;JUNIN;YAULI;SANTA_BARBARA_DE_CARHUACAYAN;F
120808;JUNIN;YAULI;SANTA_ROSA_DE_SACCO;D
120809;JUNIN;YAULI;SUITUCANCHA;F
120810;JUNIN;YAULI;YAULI;E
120901;JUNIN;CHUPACA;CHUPACA;A
120902;JUNIN;CHUPACA;AHUAC;F
120903;JUNIN;CHUPACA;CHONGOS_BAJO;E
120904;JUNIN;CHUPACA;HUACHAC;F
120905;JUNIN;CHUPACA;HUAMANCACA_CHICO;E
120906;JUNIN;CHUPACA;SAN_JUAN_DE_ISCOS;F
120907;JUNIN;CHUPACA;SAN_JUAN_DE_JARPA;F
120908;JUNIN;CHUPACA;TRES_DE_DICIEMBRE;E
120909;JUNIN;CHUPACA;YANACANCHA;G
130101;LA_LIBERTAD;TRUJILLO;TRUJILLO;A
130102;LA_LIBERTAD;TRUJILLO;EL_PORVENIR;D
130103;LA_LIBERTAD;TRUJILLO;FLORENCIA_DE_MORA;D
130104;LA_LIBERTAD;TRUJILLO;HUANCHACO;D
130105;LA_LIBERTAD;TRUJILLO;LA_ESPERANZA;D
130106;LA_LIBERTAD;TRUJILLO;LAREDO;D
130107;LA_LIBERTAD;TRUJILLO;MOCHE;D
130108;LA_LIBERTAD;TRUJILLO;POROTO;G
130109;LA_LIBERTAD;TRUJILLO;SALAVERRY;D
130110;LA_LIBERTAD;TRUJILLO;SIMBAL;G
130111;LA_LIBERTAD;TRUJILLO;VICTOR_LARCO_HERRERA;D
130112;LA_LIBERTAD;TRUJILLO;ALTO_TRUJILLO;G
130201;LA_LIBERTAD;ASCOPE;ASCOPE;B
130202;LA_LIBERTAD;ASCOPE;CHICAMA;E
130203;LA_LIBERTAD;ASCOPE;CHOCOPE;E
130204;LA_LIBERTAD;ASCOPE;MAGDALENA_DE_CAO;E
130205;LA_LIBERTAD;ASCOPE;PAIJAN;D
130206;LA_LIBERTAD;ASCOPE;RAZURI;F
130207;LA_LIBERTAD;ASCOPE;SANTIAGO_DE_CAO;E
130208;LA_LIBERTAD;ASCOPE;CASA_GRANDE;D
130301;LA_LIBERTAD;BOLIVAR;BOLIVAR;B
130302;LA_LIBERTAD;BOLIVAR;BAMBAMARCA;G
130303;LA_LIBERTAD;BOLIVAR;CONDORMARCA;G
130304;LA_LIBERTAD;BOLIVAR;LONGOTEA;F
130305;LA_LIBERTAD;BOLIVAR;UCHUMARCA;F
130306;LA_LIBERTAD;BOLIVAR;UCUNCHA;E
130401;LA_LIBERTAD;CHEPEN;CHEPEN;A
130402;LA_LIBERTAD;CHEPEN;PACANGA;E
130403;LA_LIBERTAD;CHEPEN;PUEBLO_NUEVO;E
130501;LA_LIBERTAD;JULCAN;JULCAN;B
130502;LA_LIBERTAD;JULCAN;CALAMARCA;G
130503;LA_LIBERTAD;JULCAN;CARABAMBA;G
130504;LA_LIBERTAD;JULCAN;HUASO;G
130601;LA_LIBERTAD;OTUZCO;OTUZCO;B
130602;LA_LIBERTAD;OTUZCO;AGALLPAMPA;G
130604;LA_LIBERTAD;OTUZCO;CHARAT;G
130605;LA_LIBERTAD;OTUZCO;HUARANCHAL;F
130606;LA_LIBERTAD;OTUZCO;LA_CUESTA;G
130608;LA_LIBERTAD;OTUZCO;MACHE;G
130610;LA_LIBERTAD;OTUZCO;PARANDAY;G
130611;LA_LIBERTAD;OTUZCO;SALPO;G
130613;LA_LIBERTAD;OTUZCO;SINSICAP;G
130614;LA_LIBERTAD;OTUZCO;USQUIL;G
130701;LA_LIBERTAD;PACASMAYO;SAN_PEDRO_DE_LLOC;B
130702;LA_LIBERTAD;PACASMAYO;GUADALUPE;D
130703;LA_LIBERTAD;PACASMAYO;JEQUETEPEQUE;E
130704;LA_LIBERTAD;PACASMAYO;PACASMAYO;D
130705;LA_LIBERTAD;PACASMAYO;SAN_JOSE;E
130801;LA_LIBERTAD;PATAZ;TAYABAMBA;B
130802;LA_LIBERTAD;PATAZ;BULDIBUYO;G
130803;LA_LIBERTAD;PATAZ;CHILLIA;G
130804;LA_LIBERTAD;PATAZ;HUANCASPATA;G
130805;LA_LIBERTAD;PATAZ;HUAYLILLAS;F
130806;LA_LIBERTAD;PATAZ;HUAYO;G
130807;LA_LIBERTAD;PATAZ;ONGON;G
130808;LA_LIBERTAD;PATAZ;PARCOY;F
130809;LA_LIBERTAD;PATAZ;PATAZ;G
130810;LA_LIBERTAD;PATAZ;PIAS;G
130811;LA_LIBERTAD;PATAZ;SANTIAGO_DE_CHALLAS;F
130812;LA_LIBERTAD;PATAZ;TAURIJA;G
130813;LA_LIBERTAD;PATAZ;URPAY;G
130901;LA_LIBERTAD;SANCHEZ_CARRION;HUAMACHUCO;A
130902;LA_LIBERTAD;SANCHEZ_CARRION;CHUGAY;G
130903;LA_LIBERTAD;SANCHEZ_CARRION;COCHORCO;G
130904;LA_LIBERTAD;SANCHEZ_CARRION;CURGOS;G
130905;LA_LIBERTAD;SANCHEZ_CARRION;MARCABAL;G
130906;LA_LIBERTAD;SANCHEZ_CARRION;SANAGORAN;G
130907;LA_LIBERTAD;SANCHEZ_CARRION;SARIN;G
130908;LA_LIBERTAD;SANCHEZ_CARRION;SARTIMBAMBA;G
131001;LA_LIBERTAD;SANTIAGO_DE_CHUCO;SANTIAGO_DE_CHUCO;B
131002;LA_LIBERTAD;SANTIAGO_DE_CHUCO;ANGASMARCA;F
131003;LA_LIBERTAD;SANTIAGO_DE_CHUCO;CACHICADAN;F
131004;LA_LIBERTAD;SANTIAGO_DE_CHUCO;MOLLEBAMBA;F
131005;LA_LIBERTAD;SANTIAGO_DE_CHUCO;MOLLEPATA;G
131006;LA_LIBERTAD;SANTIAGO_DE_CHUCO;QUIRUVILCA;F
131007;LA_LIBERTAD;SANTIAGO_DE_CHUCO;SANTA_CRUZ_DE_CHUCA;G
131008;LA_LIBERTAD;SANTIAGO_DE_CHUCO;SITABAMBA;G
131101;LA_LIBERTAD;GRAN_CHIMU;CASCAS;B
131102;LA_LIBERTAD;GRAN_CHIMU;LUCMA;G
131103;LA_LIBERTAD;GRAN_CHIMU;MARMOT;G
131104;LA_LIBERTAD;GRAN_CHIMU;SAYAPULLO;G
131201;LA_LIBERTAD;VIRU;VIRU;A
131202;LA_LIBERTAD;VIRU;CHAO;E
131203;LA_LIBERTAD;VIRU;GUADALUPITO;E
140101;LAMBAYEQUE;CHICLAYO;CHICLAYO;A
140102;LAMBAYEQUE;CHICLAYO;CHONGOYAPE;E
140103;LAMBAYEQUE;CHICLAYO;ETEN;E
140104;LAMBAYEQUE;CHICLAYO;ETEN_PUERTO;E
140105;LAMBAYEQUE;CHICLAYO;JOSE_LEONARDO_ORTIZ;D
140106;LAMBAYEQUE;CHICLAYO;LA_VICTORIA;D
140107;LAMBAYEQUE;CHICLAYO;LAGUNAS;E
140108;LAMBAYEQUE;CHICLAYO;MONSEFU;D
140109;LAMBAYEQUE;CHICLAYO;NUEVA_ARICA;E
140110;LAMBAYEQUE;CHICLAYO;OYOTUN;E
140111;LAMBAYEQUE;CHICLAYO;PICSI;E
140112;LAMBAYEQUE;CHICLAYO;PIMENTEL;D
140113;LAMBAYEQUE;CHICLAYO;REQUE;E
140114;LAMBAYEQUE;CHICLAYO;SANTA_ROSA;E
140115;LAMBAYEQUE;CHICLAYO;SAÑA;E
140116;LAMBAYEQUE;CHICLAYO;CAYALTI;E
140117;LAMBAYEQUE;CHICLAYO;PATAPO;E
140118;LAMBAYEQUE;CHICLAYO;POMALCA;D
140119;LAMBAYEQUE;CHICLAYO;PUCALA;E
140120;LAMBAYEQUE;CHICLAYO;TUMAN;D
140201;LAMBAYEQUE;FERREÑAFE;FERREÑAFE;A
140202;LAMBAYEQUE;FERREÑAFE;CAÑARIS;G
140203;LAMBAYEQUE;FERREÑAFE;INCAHUASI;G
140204;LAMBAYEQUE;FERREÑAFE;MANUEL_ANTONIO_MESONES_MURO;F
140205;LAMBAYEQUE;FERREÑAFE;PITIPO;F
140206;LAMBAYEQUE;FERREÑAFE;PUEBLO_NUEVO;D
140301;LAMBAYEQUE;LAMBAYEQUE;LAMBAYEQUE;A
140302;LAMBAYEQUE;LAMBAYEQUE;CHOCHOPE;G
140303;LAMBAYEQUE;LAMBAYEQUE;ILLIMO;F
140304;LAMBAYEQUE;LAMBAYEQUE;JAYANCA;F
140305;LAMBAYEQUE;LAMBAYEQUE;MOCHUMI;F
140306;LAMBAYEQUE;LAMBAYEQUE;MORROPE;G
140307;LAMBAYEQUE;LAMBAYEQUE;MOTUPE;F
140308;LAMBAYEQUE;LAMBAYEQUE;OLMOS;G
140309;LAMBAYEQUE;LAMBAYEQUE;PACORA;F
140310;LAMBAYEQUE;LAMBAYEQUE;SALAS;G
140311;LAMBAYEQUE;LAMBAYEQUE;SAN_JOSE;E
140312;LAMBAYEQUE;LAMBAYEQUE;TUCUME;F
150101;LIMA;LIMA;LIMA;A
150102;LIMA;LIMA;ANCON;C
150103;LIMA;LIMA;ATE;C
150104;LIMA;LIMA;BARRANCO;C
150105;LIMA;LIMA;BREÑA;C
150106;LIMA;LIMA;CARABAYLLO;C
150107;LIMA;LIMA;CHACLACAYO;C
150108;LIMA;LIMA;CHORRILLOS;C
150109;LIMA;LIMA;CIENEGUILLA;C
150110;LIMA;LIMA;COMAS;C
150111;LIMA;LIMA;EL_AGUSTINO;C
150112;LIMA;LIMA;INDEPENDENCIA;C
150113;LIMA;LIMA;JESUS_MARIA;C
150114;LIMA;LIMA;LA_MOLINA;C
150115;LIMA;LIMA;LA_VICTORIA;C
150116;LIMA;LIMA;LINCE;C
150117;LIMA;LIMA;LOS_OLIVOS;C
150118;LIMA;LIMA;LURIGANCHO;C
150119;LIMA;LIMA;LURIN;C
150120;LIMA;LIMA;MAGDALENA_DEL_MAR;C
150121;LIMA;LIMA;PUEBLO_LIBRE;C
150122;LIMA;LIMA;MIRAFLORES;C
150123;LIMA;LIMA;PACHACAMAC;C
150124;LIMA;LIMA;PUCUSANA;C
150125;LIMA;LIMA;PUENTE_PIEDRA;C
150126;LIMA;LIMA;PUNTA_HERMOSA;C
150127;LIMA;LIMA;PUNTA_NEGRA;C
150128;LIMA;LIMA;RIMAC;C
150129;LIMA;LIMA;SAN_BARTOLO;C
150130;LIMA;LIMA;SAN_BORJA;C
150131;LIMA;LIMA;SAN_ISIDRO;C
150132;LIMA;LIMA;SAN_JUAN_DE_LURIGANCHO;C
150133;LIMA;LIMA;SAN_JUAN_DE_MIRAFLORES;C
150134;LIMA;LIMA;SAN_LUIS;C
150135;LIMA;LIMA;SAN_MARTIN_DE_PORRES;C
150136;LIMA;LIMA;SAN_MIGUEL;C
150137;LIMA;LIMA;SANTA_ANITA;C
150138;LIMA;LIMA;SANTA_MARIA_DEL_MAR;C
150139;LIMA;LIMA;SANTA_ROSA;C
150140;LIMA;LIMA;SANTIAGO_DE_SURCO;C
150141;LIMA;LIMA;SURQUILLO;C
150142;LIMA;LIMA;VILLA_EL_SALVADOR;C
150143;LIMA;LIMA;VILLA_MARIA_DEL_TRIUNFO;C
150201;LIMA;BARRANCA;BARRANCA;A
150202;LIMA;BARRANCA;PARAMONGA;D
150203;LIMA;BARRANCA;PATIVILCA;E
150204;LIMA;BARRANCA;SUPE;D
150205;LIMA;BARRANCA;SUPE_PUERTO;D
150301;LIMA;CAJATAMBO;CAJATAMBO;B
150302;LIMA;CAJATAMBO;COPA;E
150303;LIMA;CAJATAMBO;GORGOR;G
150304;LIMA;CAJATAMBO;HUANCAPON;F
150305;LIMA;CAJATAMBO;MANAS;F
150401;LIMA;CANTA;CANTA;B
150402;LIMA;CANTA;ARAHUAY;F
150403;LIMA;CANTA;HUAMANTANGA;E
150404;LIMA;CANTA;HUAROS;E
150405;LIMA;CANTA;LACHAQUI;E
150406;LIMA;CANTA;SAN_BUENAVENTURA;E
150407;LIMA;CANTA;SANTA_ROSA_DE_QUIVES;F
150501;LIMA;CAÑETE;SAN_VICENTE_DE_CAÑETE;A
150502;LIMA;CAÑETE;ASIA;E
150503;LIMA;CAÑETE;CALANGO;F
150504;LIMA;CAÑETE;CERRO_AZUL;E
150505;LIMA;CAÑETE;CHILCA;E
150506;LIMA;CAÑETE;COAYLLO;F
150507;LIMA;CAÑETE;IMPERIAL;D
150508;LIMA;CAÑETE;LUNAHUANA;E
150509;LIMA;CAÑETE;MALA;D
150510;LIMA;CAÑETE;NUEVO_IMPERIAL;E
150511;LIMA;CAÑETE;PACARAN;F
150512;LIMA;CAÑETE;QUILMANA;E
150513;LIMA;CAÑETE;SAN_ANTONIO;E
150514;LIMA;CAÑETE;SAN_LUIS;E
150515;LIMA;CAÑETE;SANTA_CRUZ_DE_FLORES;E
150516;LIMA;CAÑETE;ZUÑIGA;F
150601;LIMA;HUARAL;HUARAL;A
150602;LIMA;HUARAL;ATAVILLOS_ALTO;E
150603;LIMA;HUARAL;ATAVILLOS_BAJO;E
150604;LIMA;HUARAL;AUCALLAMA;E
150605;LIMA;HUARAL;CHANCAY;D
150606;LIMA;HUARAL;IHUARI;F
150607;LIMA;HUARAL;LAMPIAN;E
150608;LIMA;HUARAL;PACARAOS;E
150609;LIMA;HUARAL;SAN_MIGUEL_DE_ACOS;E
150610;LIMA;HUARAL;SANTA_CRUZ_DE_ANDAMARCA;F
150611;LIMA;HUARAL;SUMBILCA;F
150612;LIMA;HUARAL;VEINTISIETE_DE_NOVIEMBRE;E
150701;LIMA;HUAROCHIRI;MATUCANA;B
150702;LIMA;HUAROCHIRI;ANTIOQUIA;G
150703;LIMA;HUAROCHIRI;CALLAHUANCA;E
150704;LIMA;HUAROCHIRI;CARAMPOMA;E
150705;LIMA;HUAROCHIRI;CHICLA;F
150706;LIMA;HUAROCHIRI;CUENCA;G
150707;LIMA;HUAROCHIRI;HUACHUPAMPA;E
150708;LIMA;HUAROCHIRI;HUANZA;E
150709;LIMA;HUAROCHIRI;HUAROCHIRI;E
150710;LIMA;HUAROCHIRI;LAHUAYTAMBO;F
150711;LIMA;HUAROCHIRI;LANGA;F
150712;LIMA;HUAROCHIRI;SAN_PEDRO_DE_LARAOS;E
150713;LIMA;HUAROCHIRI;MARIATANA;G
150714;LIMA;HUAROCHIRI;RICARDO_PALMA;E
150715;LIMA;HUAROCHIRI;SAN_ANDRES_DE_TUPICOCHA;F
150716;LIMA;HUAROCHIRI;SAN_ANTONIO;G
150717;LIMA;HUAROCHIRI;SAN_BARTOLOME;F
150718;LIMA;HUAROCHIRI;SAN_DAMIAN;E
150719;LIMA;HUAROCHIRI;SAN_JUAN_DE_IRIS;E
150720;LIMA;HUAROCHIRI;SAN_JUAN_DE_TANTARANCHE;E
150721;LIMA;HUAROCHIRI;SAN_LORENZO_DE_QUINTI;E
150722;LIMA;HUAROCHIRI;SAN_MATEO;E
150723;LIMA;HUAROCHIRI;SAN_MATEO_DE_OTAO;G
150724;LIMA;HUAROCHIRI;SAN_PEDRO_DE_CASTA;E
150725;LIMA;HUAROCHIRI;SAN_PEDRO_DE_HUANCAYRE;E
150726;LIMA;HUAROCHIRI;SANGALLAYA;G
150727;LIMA;HUAROCHIRI;SANTA_CRUZ_DE_COCACHACRA;E
150728;LIMA;HUAROCHIRI;SANTA_EULALIA;E
150729;LIMA;HUAROCHIRI;SANTIAGO_DE_ANCHUCAYA;E
150730;LIMA;HUAROCHIRI;SANTIAGO_DE_TUNA;E
150731;LIMA;HUAROCHIRI;SANTO_DOMINGO_DE_LOS_OLLEROS;G
150732;LIMA;HUAROCHIRI;SURCO;F
150801;LIMA;HUAURA;HUACHO;A
150802;LIMA;HUAURA;AMBAR;G
150803;LIMA;HUAURA;CALETA_DE_CARQUIN;D
150804;LIMA;HUAURA;CHECRAS;F
150805;LIMA;HUAURA;HUALMAY;D
150806;LIMA;HUAURA;HUAURA;D
150807;LIMA;HUAURA;LEONCIO_PRADO;G
150808;LIMA;HUAURA;PACCHO;F
150809;LIMA;HUAURA;SANTA_LEONOR;F
150810;LIMA;HUAURA;SANTA_MARIA;D
150811;LIMA;HUAURA;SAYAN;F
150812;LIMA;HUAURA;VEGUETA;E
150901;LIMA;OYON;OYON;B
150902;LIMA;OYON;ANDAJES;E
150903;LIMA;OYON;CAUJUL;F
150904;LIMA;OYON;COCHAMARCA;G
150905;LIMA;OYON;NAVAN;G
150906;LIMA;OYON;PACHANGARA;E
151001;LIMA;YAUYOS;YAUYOS;B
151002;LIMA;YAUYOS;ALIS;G
151003;LIMA;YAUYOS;ALLAUCA;F
151004;LIMA;YAUYOS;AYAVIRI;E
151005;LIMA;YAUYOS;AZANGARO;G
151006;LIMA;YAUYOS;CACRA;F
151007;LIMA;YAUYOS;CARANIA;E
151008;LIMA;YAUYOS;CATAHUASI;F
151009;LIMA;YAUYOS;CHOCOS;G
151010;LIMA;YAUYOS;COCHAS;E
151011;LIMA;YAUYOS;COLONIA;F
151012;LIMA;YAUYOS;HONGOS;E
151013;LIMA;YAUYOS;HUAMPARA;E
151014;LIMA;YAUYOS;HUANCAYA;E
151015;LIMA;YAUYOS;HUANGASCAR;F
151016;LIMA;YAUYOS;HUANTAN;F
151017;LIMA;YAUYOS;HUAÑEC;E
151018;LIMA;YAUYOS;LARAOS;E
151019;LIMA;YAUYOS;LINCHA;G
151020;LIMA;YAUYOS;MADEAN;F
151021;LIMA;YAUYOS;MIRAFLORES;E
151022;LIMA;YAUYOS;OMAS;F
151023;LIMA;YAUYOS;PUTINZA;E
151024;LIMA;YAUYOS;QUINCHES;F
151025;LIMA;YAUYOS;QUINOCAY;E
151026;LIMA;YAUYOS;SAN_JOAQUIN;E
151027;LIMA;YAUYOS;SAN_PEDRO_DE_PILAS;E
151028;LIMA;YAUYOS;TANTA;E
151029;LIMA;YAUYOS;TAURIPAMPA;E
151030;LIMA;YAUYOS;TOMAS;F
151031;LIMA;YAUYOS;TUPE;F
151032;LIMA;YAUYOS;VIÑAC;F
151033;LIMA;YAUYOS;VITIS;E
160101;LORETO;MAYNAS;IQUITOS;A
160102;LORETO;MAYNAS;ALTO_NANAY;G
160103;LORETO;MAYNAS;FERNANDO_LORES;F
160104;LORETO;MAYNAS;INDIANA;F
160105;LORETO;MAYNAS;LAS_AMAZONAS;G
160106;LORETO;MAYNAS;MAZAN;F
160107;LORETO;MAYNAS;NAPO;G
160108;LORETO;MAYNAS;PUNCHANA;D
160110;LORETO;MAYNAS;TORRES_CAUSANA;G
160112;LORETO;MAYNAS;BELEN;D
160113;LORETO;MAYNAS;SAN_JUAN_BAUTISTA;D
160201;LORETO;ALTO_AMAZONAS;YURIMAGUAS;A
160202;LORETO;ALTO_AMAZONAS;BALSAPUERTO;G
160205;LORETO;ALTO_AMAZONAS;JEBEROS;F
160206;LORETO;ALTO_AMAZONAS;LAGUNAS;F
160210;LORETO;ALTO_AMAZONAS;SANTA_CRUZ;G
160211;LORETO;ALTO_AMAZONAS;TENIENTE_CESAR_LOPEZ_ROJAS;F
160301;LORETO;LORETO;NAUTA;B
160302;LORETO;LORETO;PARINARI;G
160303;LORETO;LORETO;TIGRE;G
160304;LORETO;LORETO;TROMPETEROS;G
160305;LORETO;LORETO;URARINAS;G
160401;LORETO;MARISCAL_RAMON_CASTILLA;RAMON_CASTILLA;B
160402;LORETO;MARISCAL_RAMON_CASTILLA;PEBAS;G
160403;LORETO;MARISCAL_RAMON_CASTILLA;YAVARI;G
160404;LORETO;MARISCAL_RAMON_CASTILLA;SAN_PABLO;G
160501;LORETO;REQUENA;REQUENA;A
160502;LORETO;REQUENA;ALTO_TAPICHE;F
160503;LORETO;REQUENA;CAPELO;F
160504;LORETO;REQUENA;EMILIO_SAN_MARTIN;F
160505;LORETO;REQUENA;MAQUIA;G
160506;LORETO;REQUENA;PUINAHUA;F
160507;LORETO;REQUENA;SAQUENA;G
160508;LORETO;REQUENA;SOPLIN;G
160509;LORETO;REQUENA;TAPICHE;F
160510;LORETO;REQUENA;JENARO_HERRERA;E
160511;LORETO;REQUENA;YAQUERANA;F
160601;LORETO;UCAYALI;CONTAMANA;B
160602;LORETO;UCAYALI;INAHUAYA;F
160603;LORETO;UCAYALI;PADRE_MARQUEZ;F
160604;LORETO;UCAYALI;PAMPA_HERMOSA;G
160605;LORETO;UCAYALI;SARAYACU;F
160606;LORETO;UCAYALI;VARGAS_GUERRA;E
160701;LORETO;DATEM_DEL_MARAÑON;BARRANCA;B
160702;LORETO;DATEM_DEL_MARAÑON;CAHUAPANAS;G
160703;LORETO;DATEM_DEL_MARAÑON;MANSERICHE;G
160704;LORETO;DATEM_DEL_MARAÑON;MORONA;F
160705;LORETO;DATEM_DEL_MARAÑON;PASTAZA;F
160706;LORETO;DATEM_DEL_MARAÑON;ANDOAS;G
160801;LORETO;PUTUMAYO;PUTUMAYO;B
160802;LORETO;PUTUMAYO;ROSA_PANDURO;F
160803;LORETO;PUTUMAYO;TENIENTE_MANUEL_CLAVERO;G
160804;LORETO;PUTUMAYO;YAGUAS;G
170101;MADRE_DE_DIOS;TAMBOPATA;TAMBOPATA;A
170102;MADRE_DE_DIOS;TAMBOPATA;INAMBARI;F
170103;MADRE_DE_DIOS;TAMBOPATA;LAS_PIEDRAS;D
170104;MADRE_DE_DIOS;TAMBOPATA;LABERINTO;E
170201;MADRE_DE_DIOS;MANU;MANU;B
170202;MADRE_DE_DIOS;MANU;FITZCARRALD;G
170203;MADRE_DE_DIOS;MANU;MADRE_DE_DIOS;F
170204;MADRE_DE_DIOS;MANU;HUEPETUHE;E
170301;MADRE_DE_DIOS;TAHUAMANU;IÑAPARI;B
170302;MADRE_DE_DIOS;TAHUAMANU;IBERIA;E
170303;MADRE_DE_DIOS;TAHUAMANU;TAHUAMANU;F
180101;MOQUEGUA;MARISCAL_NIETO;MOQUEGUA;A
180102;MOQUEGUA;MARISCAL_NIETO;CARUMAS;F
180103;MOQUEGUA;MARISCAL_NIETO;CUCHUMBAYA;E
180104;MOQUEGUA;MARISCAL_NIETO;SAMEGUA;D
180105;MOQUEGUA;MARISCAL_NIETO;SAN_CRISTOBAL;E
180106;MOQUEGUA;MARISCAL_NIETO;TORATA;F
180107;MOQUEGUA;MARISCAL_NIETO;SAN_ANTONIO;G
180201;MOQUEGUA;GENERAL_SANCHEZ_CERRO;OMATE;B
180202;MOQUEGUA;GENERAL_SANCHEZ_CERRO;CHOJATA;F
180203;MOQUEGUA;GENERAL_SANCHEZ_CERRO;COALAQUE;F
180204;MOQUEGUA;GENERAL_SANCHEZ_CERRO;ICHUÑA;G
180205;MOQUEGUA;GENERAL_SANCHEZ_CERRO;LA_CAPILLA;G
180206;MOQUEGUA;GENERAL_SANCHEZ_CERRO;LLOQUE;E
180207;MOQUEGUA;GENERAL_SANCHEZ_CERRO;MATALAQUE;F
180208;MOQUEGUA;GENERAL_SANCHEZ_CERRO;PUQUINA;E
180209;MOQUEGUA;GENERAL_SANCHEZ_CERRO;QUINISTAQUILLAS;F
180210;MOQUEGUA;GENERAL_SANCHEZ_CERRO;UBINAS;F
180211;MOQUEGUA;GENERAL_SANCHEZ_CERRO;YUNGA;F
180301;MOQUEGUA;ILO;ILO;A
180302;MOQUEGUA;ILO;EL_ALGARROBAL;D
180303;MOQUEGUA;ILO;PACOCHA;D
190101;PASCO;PASCO;CHAUPIMARCA;A
190102;PASCO;PASCO;HUACHON;F
190103;PASCO;PASCO;HUARIACA;E
190104;PASCO;PASCO;HUAYLLAY;E
190105;PASCO;PASCO;NINACACA;E
190106;PASCO;PASCO;PALLANCHACRA;F
190107;PASCO;PASCO;PAUCARTAMBO;E
190108;PASCO;PASCO;SAN_FRANCISCO_DE_ASIS_DE_YARUSYACAN;F
190109;PASCO;PASCO;SIMON_BOLIVAR;D
190110;PASCO;PASCO;TICLACAYAN;F
190111;PASCO;PASCO;TINYAHUARCO;E
190112;PASCO;PASCO;VICCO;E
190113;PASCO;PASCO;YANACANCHA;D
190201;PASCO;DANIEL_ALCIDES_CARRION;YANAHUANCA;B
190202;PASCO;DANIEL_ALCIDES_CARRION;CHACAYAN;E
190203;PASCO;DANIEL_ALCIDES_CARRION;GOYLLARISQUIZGA;E
190204;PASCO;DANIEL_ALCIDES_CARRION;PAUCAR;E
190205;PASCO;DANIEL_ALCIDES_CARRION;SAN_PEDRO_DE_PILLAO;E
190206;PASCO;DANIEL_ALCIDES_CARRION;SANTA_ANA_DE_TUSI;G
190207;PASCO;DANIEL_ALCIDES_CARRION;TAPUC;E
190208;PASCO;DANIEL_ALCIDES_CARRION;VILCABAMBA;F
190301;PASCO;OXAPAMPA;OXAPAMPA;B
190302;PASCO;OXAPAMPA;CHONTABAMBA;F
190303;PASCO;OXAPAMPA;HUANCABAMBA;F
190304;PASCO;OXAPAMPA;PALCAZU;G
190305;PASCO;OXAPAMPA;POZUZO;G
190306;PASCO;OXAPAMPA;PUERTO_BERMUDEZ;F
190307;PASCO;OXAPAMPA;VILLA_RICA;E
190308;PASCO;OXAPAMPA;CONSTITUCION;F
200101;PIURA;PIURA;PIURA;A
200104;PIURA;PIURA;CASTILLA;D
200105;PIURA;PIURA;CATACAOS;D
200107;PIURA;PIURA;CURA_MORI;E
200108;PIURA;PIURA;EL_TALLAN;E
200109;PIURA;PIURA;LA_ARENA;D
200110;PIURA;PIURA;LA_UNION;D
200111;PIURA;PIURA;LAS_LOMAS;F
200114;PIURA;PIURA;TAMBO_GRANDE;D
200115;PIURA;PIURA;VEINTISEIS_DE_OCTUBRE;D
200201;PIURA;AYABACA;AYABACA;B
200202;PIURA;AYABACA;FRIAS;G
200203;PIURA;AYABACA;JILILI;G
200204;PIURA;AYABACA;LAGUNAS;G
200205;PIURA;AYABACA;MONTERO;G
200206;PIURA;AYABACA;PACAIPAMPA;G
200207;PIURA;AYABACA;PAIMAS;G
200208;PIURA;AYABACA;SAPILLICA;G
200209;PIURA;AYABACA;SICCHEZ;F
200210;PIURA;AYABACA;SUYO;G
200301;PIURA;HUANCABAMBA;HUANCABAMBA;B
200302;PIURA;HUANCABAMBA;CANCHAQUE;G
200303;PIURA;HUANCABAMBA;EL_CARMEN_DE_LA_FRONTERA;G
200304;PIURA;HUANCABAMBA;HUARMACA;G
200305;PIURA;HUANCABAMBA;LALAQUIZ;G
200306;PIURA;HUANCABAMBA;SAN_MIGUEL_DE_EL_FAIQUE;G
200307;PIURA;HUANCABAMBA;SONDOR;G
200308;PIURA;HUANCABAMBA;SONDORILLO;G
200401;PIURA;MORROPON;CHULUCANAS;A
200402;PIURA;MORROPON;BUENOS_AIRES;E
200403;PIURA;MORROPON;CHALACO;G
200404;PIURA;MORROPON;LA_MATANZA;F
200405;PIURA;MORROPON;MORROPON;E
200406;PIURA;MORROPON;SALITRAL;E
200407;PIURA;MORROPON;SAN_JUAN_DE_BIGOTE;F
200408;PIURA;MORROPON;SANTA_CATALINA_DE_MOSSA;F
200409;PIURA;MORROPON;SANTO_DOMINGO;G
200410;PIURA;MORROPON;YAMANGO;G
200501;PIURA;PAITA;PAITA;A
200502;PIURA;PAITA;AMOTAPE;E
200503;PIURA;PAITA;ARENAL;E
200504;PIURA;PAITA;COLAN;E
200505;PIURA;PAITA;LA_HUACA;E
200506;PIURA;PAITA;TAMARINDO;E
200507;PIURA;PAITA;VICHAYAL;E
200601;PIURA;SULLANA;SULLANA;A
200602;PIURA;SULLANA;BELLAVISTA;D
200603;PIURA;SULLANA;IGNACIO_ESCUDERO;E
200604;PIURA;SULLANA;LANCONES;G
200605;PIURA;SULLANA;MARCAVELICA;E
200606;PIURA;SULLANA;MIGUEL_CHECA;E
200607;PIURA;SULLANA;QUERECOTILLO;E
200608;PIURA;SULLANA;SALITRAL;E
200701;PIURA;TALARA;PARIÑAS;A
200702;PIURA;TALARA;EL_ALTO;E
200703;PIURA;TALARA;LA_BREA;E
200704;PIURA;TALARA;LOBITOS;E
200705;PIURA;TALARA;LOS_ORGANOS;E
200706;PIURA;TALARA;MANCORA;E
200801;PIURA;SECHURA;SECHURA;A
200802;PIURA;SECHURA;BELLAVISTA_DE_LA_UNION;E
200803;PIURA;SECHURA;BERNAL;E
200804;PIURA;SECHURA;CRISTO_NOS_VALGA;F
200805;PIURA;SECHURA;VICE;E
200806;PIURA;SECHURA;RINCONADA_LLICUAR;E
210101;PUNO;PUNO;PUNO;A
210102;PUNO;PUNO;ACORA;G
210103;PUNO;PUNO;AMANTANI;G
210104;PUNO;PUNO;ATUNCOLLA;G
210105;PUNO;PUNO;CAPACHICA;G
210106;PUNO;PUNO;CHUCUITO;G
210107;PUNO;PUNO;COATA;G
210108;PUNO;PUNO;HUATA;G
210109;PUNO;PUNO;MAÑAZO;F
210110;PUNO;PUNO;PAUCARCOLLA;G
210111;PUNO;PUNO;PICHACANI;F
210112;PUNO;PUNO;PLATERIA;G
210113;PUNO;PUNO;SAN_ANTONIO;G
210114;PUNO;PUNO;TIQUILLACA;G
210115;PUNO;PUNO;VILQUE;G
210201;PUNO;AZANGARO;AZANGARO;A
210202;PUNO;AZANGARO;ACHAYA;G
210203;PUNO;AZANGARO;ARAPA;G
210204;PUNO;AZANGARO;ASILLO;G
210205;PUNO;AZANGARO;CAMINACA;G
210206;PUNO;AZANGARO;CHUPA;G
210207;PUNO;AZANGARO;JOSE_DOMINGO_CHOQUEHUANCA;F
210208;PUNO;AZANGARO;MUÑANI;G
210209;PUNO;AZANGARO;POTONI;F
210210;PUNO;AZANGARO;SAMAN;G
210211;PUNO;AZANGARO;SAN_ANTON;F
210212;PUNO;AZANGARO;SAN_JOSE;F
210213;PUNO;AZANGARO;SAN_JUAN_DE_SALINAS;G
210214;PUNO;AZANGARO;SANTIAGO_DE_PUPUJA;G
210215;PUNO;AZANGARO;TIRAPATA;G
210301;PUNO;CARABAYA;MACUSANI;B
210302;PUNO;CARABAYA;AJOYANI;F
210303;PUNO;CARABAYA;AYAPATA;G
210304;PUNO;CARABAYA;COASA;F
210305;PUNO;CARABAYA;CORANI;F
210306;PUNO;CARABAYA;CRUCERO;E
210307;PUNO;CARABAYA;ITUATA;G
210308;PUNO;CARABAYA;OLLACHEA;F
210309;PUNO;CARABAYA;SAN_GABAN;G
210310;PUNO;CARABAYA;USICAYOS;F
210401;PUNO;CHUCUITO;JULI;B
210402;PUNO;CHUCUITO;DESAGUADERO;F
210403;PUNO;CHUCUITO;HUACULLANI;G
210404;PUNO;CHUCUITO;KELLUYO;G
210405;PUNO;CHUCUITO;PISACOMA;G
210406;PUNO;CHUCUITO;POMATA;G
210407;PUNO;CHUCUITO;ZEPITA;G
210501;PUNO;EL_COLLAO;ILAVE;A
210502;PUNO;EL_COLLAO;CAPAZO;G
210503;PUNO;EL_COLLAO;PILCUYO;G
210504;PUNO;EL_COLLAO;SANTA_ROSA;G
210505;PUNO;EL_COLLAO;CONDURIRI;G
210601;PUNO;HUANCANE;HUANCANE;B
210602;PUNO;HUANCANE;COJATA;F
210603;PUNO;HUANCANE;HUATASANI;F
210604;PUNO;HUANCANE;INCHUPALLA;G
210605;PUNO;HUANCANE;PUSI;G
210606;PUNO;HUANCANE;ROSASPATA;G
210607;PUNO;HUANCANE;TARACO;G
210608;PUNO;HUANCANE;VILQUE_CHICO;G
210701;PUNO;LAMPA;LAMPA;B
210702;PUNO;LAMPA;CABANILLA;G
210703;PUNO;LAMPA;CALAPUJA;G
210704;PUNO;LAMPA;NICASIO;G
210705;PUNO;LAMPA;OCUVIRI;G
210706;PUNO;LAMPA;PALCA;F
210707;PUNO;LAMPA;PARATIA;F
210708;PUNO;LAMPA;PUCARA;F
210709;PUNO;LAMPA;SANTA_LUCIA;E
210710;PUNO;LAMPA;VILAVILA;F
210801;PUNO;MELGAR;AYAVIRI;A
210802;PUNO;MELGAR;ANTAUTA;F
210803;PUNO;MELGAR;CUPI;G
210804;PUNO;MELGAR;LLALLI;F
210805;PUNO;MELGAR;MACARI;F
210806;PUNO;MELGAR;NUÑOA;F
210807;PUNO;MELGAR;ORURILLO;G
210808;PUNO;MELGAR;SANTA_ROSA;F
210809;PUNO;MELGAR;UMACHIRI;G
210901;PUNO;MOHO;MOHO;B
210902;PUNO;MOHO;CONIMA;G
210903;PUNO;MOHO;HUAYRAPATA;F
210904;PUNO;MOHO;TILALI;G
211001;PUNO;SAN_ANTONIO_DE_PUTINA;PUTINA;B
211002;PUNO;SAN_ANTONIO_DE_PUTINA;ANANEA;E
211003;PUNO;SAN_ANTONIO_DE_PUTINA;PEDRO_VILCA_APAZA;G
211004;PUNO;SAN_ANTONIO_DE_PUTINA;QUILCAPUNCU;F
211005;PUNO;SAN_ANTONIO_DE_PUTINA;SINA;G
211101;PUNO;SAN_ROMAN;JULIACA;A
211102;PUNO;SAN_ROMAN;CABANA;G
211103;PUNO;SAN_ROMAN;CABANILLAS;F
211104;PUNO;SAN_ROMAN;CARACOTO;G
211105;PUNO;SAN_ROMAN;SAN_MIGUEL;D
211201;PUNO;SANDIA;SANDIA;B
211202;PUNO;SANDIA;CUYOCUYO;F
211203;PUNO;SANDIA;LIMBANI;F
211204;PUNO;SANDIA;PATAMBUCO;G
211205;PUNO;SANDIA;PHARA;G
211206;PUNO;SANDIA;QUIACA;G
211207;PUNO;SANDIA;SAN_JUAN_DEL_ORO;F
211208;PUNO;SANDIA;YANAHUAYA;F
211209;PUNO;SANDIA;ALTO_INAMBARI;G
211210;PUNO;SANDIA;SAN_PEDRO_DE_PUTINA_PUNCO;G
211301;PUNO;YUNGUYO;YUNGUYO;B
211302;PUNO;YUNGUYO;ANAPIA;E
211303;PUNO;YUNGUYO;COPANI;G
211304;PUNO;YUNGUYO;CUTURAPI;F
211305;PUNO;YUNGUYO;OLLARAYA;G
211306;PUNO;YUNGUYO;TINICACHI;F
211307;PUNO;YUNGUYO;UNICACHI;F
220101;SAN_MARTIN;MOYOBAMBA;MOYOBAMBA;A
220102;SAN_MARTIN;MOYOBAMBA;CALZADA;E
220103;SAN_MARTIN;MOYOBAMBA;HABANA;E
220104;SAN_MARTIN;MOYOBAMBA;JEPELACIO;F
220105;SAN_MARTIN;MOYOBAMBA;SORITOR;E
220106;SAN_MARTIN;MOYOBAMBA;YANTALO;E
220201;SAN_MARTIN;BELLAVISTA;BELLAVISTA;B
220202;SAN_MARTIN;BELLAVISTA;ALTO_BIAVO;F
220203;SAN_MARTIN;BELLAVISTA;BAJO_BIAVO;G
220204;SAN_MARTIN;BELLAVISTA;HUALLAGA;F
220205;SAN_MARTIN;BELLAVISTA;SAN_PABLO;E
220206;SAN_MARTIN;BELLAVISTA;SAN_RAFAEL;E
220301;SAN_MARTIN;EL_DORADO;SAN_JOSE_DE_SISA;B
220302;SAN_MARTIN;EL_DORADO;AGUA_BLANCA;F
220303;SAN_MARTIN;EL_DORADO;SAN_MARTIN;G
220304;SAN_MARTIN;EL_DORADO;SANTA_ROSA;G
220305;SAN_MARTIN;EL_DORADO;SHATOJA;F
220401;SAN_MARTIN;HUALLAGA;SAPOSOA;B
220402;SAN_MARTIN;HUALLAGA;ALTO_SAPOSOA;F
220403;SAN_MARTIN;HUALLAGA;EL_ESLABON;F
220404;SAN_MARTIN;HUALLAGA;PISCOYACU;F
220405;SAN_MARTIN;HUALLAGA;SACANCHE;F
220406;SAN_MARTIN;HUALLAGA;TINGO_DE_SAPOSOA;E
220501;SAN_MARTIN;LAMAS;LAMAS;B
220502;SAN_MARTIN;LAMAS;ALONSO_DE_ALVARADO;F
220503;SAN_MARTIN;LAMAS;BARRANQUITA;F
220504;SAN_MARTIN;LAMAS;CAYNARACHI;F
220505;SAN_MARTIN;LAMAS;CUÑUMBUQUI;F
220506;SAN_MARTIN;LAMAS;PINTO_RECODO;G
220507;SAN_MARTIN;LAMAS;RUMISAPA;F
220508;SAN_MARTIN;LAMAS;SAN_ROQUE_DE_CUMBAZA;F
220509;SAN_MARTIN;LAMAS;SHANAO;F
220510;SAN_MARTIN;LAMAS;TABALOSOS;F
220511;SAN_MARTIN;LAMAS;ZAPATERO;F
220601;SAN_MARTIN;MARISCAL_CACERES;JUANJUI;A
220602;SAN_MARTIN;MARISCAL_CACERES;CAMPANILLA;G
220603;SAN_MARTIN;MARISCAL_CACERES;HUICUNGO;F
220604;SAN_MARTIN;MARISCAL_CACERES;PACHIZA;F
220605;SAN_MARTIN;MARISCAL_CACERES;PAJARILLO;G
220701;SAN_MARTIN;PICOTA;PICOTA;B
220702;SAN_MARTIN;PICOTA;BUENOS_AIRES;F
220703;SAN_MARTIN;PICOTA;CASPISAPA;E
220704;SAN_MARTIN;PICOTA;PILLUANA;E
220705;SAN_MARTIN;PICOTA;PUCACACA;E
220706;SAN_MARTIN;PICOTA;SAN_CRISTOBAL;E
220707;SAN_MARTIN;PICOTA;SAN_HILARION;E
220708;SAN_MARTIN;PICOTA;SHAMBOYACU;G
220709;SAN_MARTIN;PICOTA;TINGO_DE_PONASA;F
220710;SAN_MARTIN;PICOTA;TRES_UNIDOS;F
220801;SAN_MARTIN;RIOJA;RIOJA;A
220802;SAN_MARTIN;RIOJA;AWAJUN;F
220803;SAN_MARTIN;RIOJA;ELIAS_SOPLIN_VARGAS;E
220804;SAN_MARTIN;RIOJA;NUEVA_CAJAMARCA;D
220805;SAN_MARTIN;RIOJA;PARDO_MIGUEL;F
220806;SAN_MARTIN;RIOJA;POSIC;E
220807;SAN_MARTIN;RIOJA;SAN_FERNANDO;F
220808;SAN_MARTIN;RIOJA;YORONGOS;E
220809;SAN_MARTIN;RIOJA;YURACYACU;E
220901;SAN_MARTIN;SAN_MARTIN;TARAPOTO;A
220902;SAN_MARTIN;SAN_MARTIN;ALBERTO_LEVEAU;F
220903;SAN_MARTIN;SAN_MARTIN;CACATACHI;E
220904;SAN_MARTIN;SAN_MARTIN;CHAZUTA;F
220905;SAN_MARTIN;SAN_MARTIN;CHIPURANA;E
220906;SAN_MARTIN;SAN_MARTIN;EL_PORVENIR;E
220907;SAN_MARTIN;SAN_MARTIN;HUIMBAYOC;F
220908;SAN_MARTIN;SAN_MARTIN;JUAN_GUERRA;E
220909;SAN_MARTIN;SAN_MARTIN;LA_BANDA_DE_SHILCAYO;D
220910;SAN_MARTIN;SAN_MARTIN;MORALES;D
220911;SAN_MARTIN;SAN_MARTIN;PAPAPLAYA;F
220912;SAN_MARTIN;SAN_MARTIN;SAN_ANTONIO;E
220913;SAN_MARTIN;SAN_MARTIN;SAUCE;E
220914;SAN_MARTIN;SAN_MARTIN;SHAPAJA;E
221001;SAN_MARTIN;TOCACHE;TOCACHE;B
221002;SAN_MARTIN;TOCACHE;NUEVO_PROGRESO;F
221003;SAN_MARTIN;TOCACHE;POLVORA;G
221004;SAN_MARTIN;TOCACHE;SHUNTE;G
221005;SAN_MARTIN;TOCACHE;UCHIZA;F
221006;SAN_MARTIN;TOCACHE;SANTA_LUCIA;G
230101;TACNA;TACNA;TACNA;A
230102;TACNA;TACNA;ALTO_DE_LA_ALIANZA;D
230103;TACNA;TACNA;CALANA;F
230104;TACNA;TACNA;CIUDAD_NUEVA;D
230105;TACNA;TACNA;INCLAN;F
230106;TACNA;TACNA;PACHIA;F
230107;TACNA;TACNA;PALCA;G
230108;TACNA;TACNA;POCOLLAY;D
230109;TACNA;TACNA;SAMA;E
230110;TACNA;TACNA;CORONEL_GREGORIO_ALBARRACIN_LANCHIPA;D
230111;TACNA;TACNA;LA_YARADA_LOS_PALOS;G
230201;TACNA;CANDARAVE;CANDARAVE;B
230202;TACNA;CANDARAVE;CAIRANI;E
230203;TACNA;CANDARAVE;CAMILACA;E
230204;TACNA;CANDARAVE;CURIBAYA;E
230205;TACNA;CANDARAVE;HUANUARA;E
230206;TACNA;CANDARAVE;QUILAHUANI;E
230301;TACNA;JORGE_BASADRE;LOCUMBA;B
230302;TACNA;JORGE_BASADRE;ILABAYA;E
230303;TACNA;JORGE_BASADRE;ITE;F
230401;TACNA;TARATA;TARATA;B
230402;TACNA;TARATA;HEROES_ALBARRACIN;F
230403;TACNA;TARATA;ESTIQUE;E
230404;TACNA;TARATA;ESTIQUE-PAMPA;E
230405;TACNA;TARATA;SITAJARA;E
230406;TACNA;TARATA;SUSAPAYA;E
230407;TACNA;TARATA;TARUCACHI;E
230408;TACNA;TARATA;TICACO;E
240101;TUMBES;TUMBES;TUMBES;A
240102;TUMBES;TUMBES;CORRALES;E
240103;TUMBES;TUMBES;LA_CRUZ;E
240104;TUMBES;TUMBES;PAMPAS_DE_HOSPITAL;F
240105;TUMBES;TUMBES;SAN_JACINTO;E
240106;TUMBES;TUMBES;SAN_JUAN_DE_LA_VIRGEN;E
240201;TUMBES;CONTRALMIRANTE_VILLAR;ZORRITOS;B
240202;TUMBES;CONTRALMIRANTE_VILLAR;CASITAS;G
240203;TUMBES;CONTRALMIRANTE_VILLAR;CANOAS_DE_PUNTA_SAL;E
240301;TUMBES;ZARUMILLA;ZARUMILLA;A
240302;TUMBES;ZARUMILLA;AGUAS_VERDES;D
240303;TUMBES;ZARUMILLA;MATAPALO;E
240304;TUMBES;ZARUMILLA;PAPAYAL;F
250101;UCAYALI;CORONEL_PORTILLO;CALLERIA;A
250102;UCAYALI;CORONEL_PORTILLO;CAMPOVERDE;F
250103;UCAYALI;CORONEL_PORTILLO;IPARIA;G
250104;UCAYALI;CORONEL_PORTILLO;MASISEA;G
250105;UCAYALI;CORONEL_PORTILLO;YARINACOCHA;D
250106;UCAYALI;CORONEL_PORTILLO;NUEVA_REQUENA;F
250107;UCAYALI;CORONEL_PORTILLO;MANANTAY;D
250201;UCAYALI;ATALAYA;RAIMONDI;B
250202;UCAYALI;ATALAYA;SEPAHUA;F
250203;UCAYALI;ATALAYA;TAHUANIA;G
250204;UCAYALI;ATALAYA;YURUA;G
250301;UCAYALI;PADRE_ABAD;PADRE_ABAD;B
250302;UCAYALI;PADRE_ABAD;IRAZOLA;F
250303;UCAYALI;PADRE_ABAD;CURIMANA;F
250304;UCAYALI;PADRE_ABAD;NESHUYA;F
250305;UCAYALI;PADRE_ABAD;ALEXANDER_VON_HUMBOLDT;E
250306;UCAYALI;PADRE_ABAD;HUIPOCA;G
250307;UCAYALI;PADRE_ABAD;BOQUERON;G
250401;UCAYALI;PURUS;PURUS;B
;;;;
